-- phpMyAdmin SQL Dump
-- version 6.0.0-dev+20251017.e515ecd108
-- https://www.phpmyadmin.net/
--
-- Host: localhost:3306
-- Generation Time: Jun 15, 2026 at 11:42 AM
-- Server version: 8.4.3
-- PHP Version: 8.4.12

SET SQL_MODE = "NO_AUTO_VALUE_ON_ZERO";
START TRANSACTION;
SET time_zone = "+00:00";


/*!40101 SET @OLD_CHARACTER_SET_CLIENT=@@CHARACTER_SET_CLIENT */;
/*!40101 SET @OLD_CHARACTER_SET_RESULTS=@@CHARACTER_SET_RESULTS */;
/*!40101 SET @OLD_COLLATION_CONNECTION=@@COLLATION_CONNECTION */;
/*!40101 SET NAMES utf8mb4 */;

--
-- Database: `akuntansi`
--

-- --------------------------------------------------------

--
-- Table structure for table `anak_akuns`
--

CREATE TABLE `anak_akuns` (
  `id` bigint UNSIGNED NOT NULL,
  `id_induk_akun` bigint UNSIGNED NOT NULL,
  `kode_anak_akun` varchar(255) COLLATE utf8mb4_unicode_ci NOT NULL,
  `nama_anak_akun` varchar(255) COLLATE utf8mb4_unicode_ci DEFAULT 'Tidak Punya Nama Akun',
  `keterangan` text COLLATE utf8mb4_unicode_ci,
  `parent` bigint UNSIGNED DEFAULT NULL,
  `created_by` bigint UNSIGNED DEFAULT NULL,
  `saldo_normal` varchar(255) COLLATE utf8mb4_unicode_ci DEFAULT NULL,
  `status` varchar(255) COLLATE utf8mb4_unicode_ci NOT NULL DEFAULT 'aktif',
  `created_at` timestamp NULL DEFAULT NULL,
  `updated_at` timestamp NULL DEFAULT NULL
) ENGINE=InnoDB DEFAULT CHARSET=utf8mb4 COLLATE=utf8mb4_unicode_ci;

--
-- Dumping data for table `anak_akuns`
--

INSERT INTO `anak_akuns` (`id`, `id_induk_akun`, `kode_anak_akun`, `nama_anak_akun`, `keterangan`, `parent`, `created_by`, `saldo_normal`, `status`, `created_at`, `updated_at`) VALUES
(1, 1, '1100', 'Kas', NULL, NULL, NULL, 'debet', 'aktif', '2026-06-10 17:00:00', '2026-06-10 17:00:00'),
(2, 1, '1110', 'Kas 1', NULL, 1, NULL, 'debet', 'aktif', '2026-06-10 17:00:00', '2026-06-10 17:00:00'),
(3, 1, '1111', 'Kas Mut', NULL, 2, NULL, 'debet', 'aktif', '2026-06-10 17:00:00', '2026-06-10 17:00:00'),
(4, 1, '1112', 'Kas Bu Eddy', NULL, 2, NULL, 'debet', 'aktif', '2026-06-10 17:00:00', '2026-06-10 17:00:00'),
(5, 1, '1120', 'Kas 2', NULL, 1, NULL, 'debet', 'aktif', '2026-06-10 17:00:00', '2026-06-10 17:00:00'),
(6, 1, '1130', 'Kas 3', NULL, 1, NULL, 'debet', 'aktif', '2026-06-10 17:00:00', '2026-06-10 17:00:00'),
(7, 1, '1140', 'Kas 4', NULL, 1, NULL, 'debet', 'aktif', '2026-06-10 17:00:00', '2026-06-10 17:00:00'),
(8, 1, '1150', 'Kas 5', NULL, 1, NULL, 'debet', 'aktif', '2026-06-10 17:00:00', '2026-06-10 17:00:00'),
(9, 1, '1160', 'kas setran', NULL, 1, NULL, 'debet', 'aktif', '2026-06-10 17:00:00', '2026-06-10 17:00:00'),
(10, 1, '1170', 'kas lahan', NULL, 1, NULL, 'debet', 'aktif', '2026-06-10 17:00:00', '2026-06-10 17:00:00'),
(11, 1, '1180', 'kas ruko', NULL, 1, NULL, 'debet', 'aktif', '2026-06-10 17:00:00', '2026-06-10 17:00:00'),
(12, 1, '1200', 'Bank', NULL, NULL, NULL, 'debet', 'aktif', '2026-06-10 17:00:00', '2026-06-10 17:00:00'),
(13, 1, '1201', 'BANK 999', NULL, 12, NULL, 'debet', 'aktif', '2026-06-10 17:00:00', '2026-06-10 17:00:00'),
(14, 1, '1202', 'BANK INDUSTRI', NULL, 12, NULL, 'debet', 'aktif', '2026-06-10 17:00:00', '2026-06-10 17:00:00'),
(15, 1, '1203', 'BANK WAHANA', NULL, 12, NULL, 'debet', 'aktif', '2026-06-10 17:00:00', '2026-06-10 17:00:00'),
(16, 1, '1204', 'BANK BU EDDY', NULL, 12, NULL, 'debet', 'aktif', '2026-06-10 17:00:00', '2026-06-10 17:00:00'),
(17, 1, '1210', 'Bank', NULL, 12, NULL, 'debet', 'aktif', '2026-06-10 17:00:00', '2026-06-10 17:00:00'),
(18, 1, '1250', 'beban di bayar di muka', NULL, 12, NULL, 'debet', 'aktif', '2026-06-10 17:00:00', '2026-06-10 17:00:00'),
(19, 1, '1253', 'LABA/RUGI mingguan', NULL, 18, NULL, 'debet', 'aktif', '2026-06-10 17:00:00', '2026-06-10 17:00:00'),
(20, 1, '1254', 'kas bon HARTONO ', NULL, 18, NULL, 'debet', 'aktif', '2026-06-10 17:00:00', '2026-06-10 17:00:00'),
(21, 1, '1300', 'Piutang', NULL, NULL, NULL, 'debet', 'aktif', '2026-06-10 17:00:00', '2026-06-10 17:00:00'),
(22, 1, '1310', 'piutang keluar', NULL, 21, NULL, 'debet', 'aktif', '2026-06-10 17:00:00', '2026-06-10 17:00:00'),
(23, 1, '1400', 'Bahan Baku', NULL, NULL, NULL, 'debet', 'aktif', '2026-06-10 17:00:00', '2026-06-10 17:00:00'),
(24, 1, '1410', 'Kayu', NULL, 23, NULL, 'debet', 'aktif', '2026-06-10 17:00:00', '2026-06-10 17:00:00'),
(25, 1, '1414', 'log core 130 WHN', NULL, 24, NULL, 'debet', 'aktif', '2026-06-10 17:00:00', '2026-06-10 17:00:00'),
(26, 1, '1420', 'Veneer Basah', NULL, 23, NULL, 'debet', 'aktif', '2026-06-10 17:00:00', '2026-06-10 17:00:00'),
(27, 1, '1421', 'Veneer Basah 260 face/back sengon WJY', NULL, 26, NULL, 'debet', 'aktif', '2026-06-10 17:00:00', '2026-06-10 17:00:00'),
(28, 1, '1422', 'Veneer Basah 260 face/back meranti WJY', NULL, 26, NULL, 'debet', 'aktif', '2026-06-10 17:00:00', '2026-06-10 17:00:00'),
(29, 1, '1426', 'Veneer Basah 130 core sengon WJY', NULL, 26, NULL, 'debet', 'aktif', '2026-06-10 17:00:00', '2026-06-10 17:00:00'),
(30, 1, '1427', 'Veneer Basah 130 core meranti WJY', NULL, 26, NULL, 'debet', 'aktif', '2026-06-10 17:00:00', '2026-06-10 17:00:00'),
(31, 1, '1428', 'Veneer Basah ppc meranti WJY', NULL, 26, NULL, 'debet', 'aktif', '2026-06-10 17:00:00', '2026-06-10 17:00:00'),
(32, 1, '1429', 'Veneer Basah ppc sengon WJY', NULL, 26, NULL, 'debet', 'aktif', '2026-06-10 17:00:00', '2026-06-10 17:00:00'),
(33, 1, '1430', 'Veneer Kering', NULL, 23, NULL, 'debet', 'aktif', '2026-06-10 17:00:00', '2026-06-10 17:00:00'),
(34, 1, '1440', 'Veneer Repaired', NULL, 23, NULL, 'debet', 'aktif', '2026-06-10 17:00:00', '2026-06-10 17:00:00'),
(35, 1, '1441', 'Veneer Kering 260 face/back sengon WJY', NULL, 34, NULL, 'debet', 'aktif', '2026-06-10 17:00:00', '2026-06-10 17:00:00'),
(36, 1, '1442', 'Veneer Kering 260 face/back meranti WJY', NULL, 34, NULL, 'debet', 'aktif', '2026-06-10 17:00:00', '2026-06-10 17:00:00'),
(37, 1, '1446', 'Veneer Kering 130 core sengon WJY', NULL, 34, NULL, 'debet', 'aktif', '2026-06-10 17:00:00', '2026-06-10 17:00:00'),
(38, 1, '1447', 'Veneer Kering 130 core meranti WJY', NULL, 34, NULL, 'debet', 'aktif', '2026-06-10 17:00:00', '2026-06-10 17:00:00'),
(39, 1, '1450', 'Veneer Lain', NULL, 23, NULL, 'debet', 'aktif', '2026-06-10 17:00:00', '2026-06-10 17:00:00'),
(40, 1, '1451', 'Veneer Kering ppc meranti WJY', NULL, 39, NULL, 'debet', 'aktif', '2026-06-10 17:00:00', '2026-06-10 17:00:00'),
(41, 1, '1452', 'Veneer Kering ppc sengon WJY', NULL, 39, NULL, 'debet', 'aktif', '2026-06-10 17:00:00', '2026-06-10 17:00:00'),
(42, 1, '1460', 'Raw Ply', NULL, 23, NULL, 'debet', 'aktif', '2026-06-10 17:00:00', '2026-06-10 17:00:00'),
(43, 1, '1461', 'Veneer Jadi 260 face/back sengon WJY', NULL, 42, NULL, 'debet', 'aktif', '2026-06-10 17:00:00', '2026-06-10 17:00:00'),
(44, 1, '1462', 'Veneer Jadi 260 face/back meranti WJY', NULL, 42, NULL, 'debet', 'aktif', '2026-06-10 17:00:00', '2026-06-10 17:00:00'),
(45, 1, '1466', 'Veneer Jadi 130 core sengon WJY', NULL, 42, NULL, 'debet', 'aktif', '2026-06-10 17:00:00', '2026-06-10 17:00:00'),
(46, 1, '1467', 'Veneer Jadi 130 core meranti WJY', NULL, 42, NULL, 'debet', 'aktif', '2026-06-10 17:00:00', '2026-06-10 17:00:00'),
(47, 1, '1470', 'Death Ply', NULL, 23, NULL, 'debet', 'aktif', '2026-06-10 17:00:00', '2026-06-10 17:00:00'),
(48, 1, '1471', 'Veneer Jadi ppc meranti WJY', NULL, 47, NULL, 'debet', 'aktif', '2026-06-10 17:00:00', '2026-06-10 17:00:00'),
(49, 1, '1472', 'Veneer Jadi ppc sengon WJY', NULL, 47, NULL, 'debet', 'aktif', '2026-06-10 17:00:00', '2026-06-10 17:00:00'),
(50, 1, '1500', 'Bahan Jadi', NULL, NULL, NULL, 'debet', 'aktif', '2026-06-10 17:00:00', '2026-06-10 17:00:00'),
(51, 1, '1502', 'STOK INA', NULL, 50, NULL, 'debet', 'aktif', '2026-06-10 17:00:00', '2026-06-10 17:00:00'),
(52, 1, '1503', '15s R', NULL, 50, NULL, 'debet', 'aktif', '2026-06-10 17:00:00', '2026-06-10 17:00:00'),
(53, 1, '1504', '8s Flexy Vertikal R', NULL, 50, NULL, 'debet', 'aktif', '2026-06-10 17:00:00', '2026-06-10 17:00:00'),
(54, 1, '1505', '9s R', NULL, 50, NULL, 'debet', 'aktif', '2026-06-10 17:00:00', '2026-06-10 17:00:00'),
(55, 1, '1506', 'STOK GUDANG MENTAH', NULL, 50, NULL, 'debet', 'aktif', '2026-06-10 17:00:00', '2026-06-10 17:00:00'),
(56, 1, '1507', 'STOK GUDANG', NULL, 50, NULL, 'debet', 'aktif', '2026-06-10 17:00:00', '2026-06-10 17:00:00'),
(57, 1, '1510', 'Plywood Sengon Tipis', NULL, 50, NULL, 'debet', 'aktif', '2026-06-10 17:00:00', '2026-06-10 17:00:00'),
(58, 1, '1520', 'Plywood Sengon Tebal', NULL, 50, NULL, 'debet', 'aktif', '2026-06-10 17:00:00', '2026-06-10 17:00:00'),
(59, 1, '1530', 'Plywood Semi tipis', NULL, 50, NULL, 'debet', 'aktif', '2026-06-10 17:00:00', '2026-06-10 17:00:00'),
(60, 1, '1540', 'Plywood Meranti Tebal', NULL, 50, NULL, 'debet', 'aktif', '2026-06-10 17:00:00', '2026-06-10 17:00:00'),
(61, 1, '1550', 'Block Board', NULL, 50, NULL, 'debet', 'aktif', '2026-06-10 17:00:00', '2026-06-10 17:00:00'),
(62, 1, '1560', 'Plywood Lain', NULL, 50, NULL, 'debet', 'aktif', '2026-06-10 17:00:00', '2026-06-10 17:00:00'),
(63, 1, '1600', 'Perlengkapan', NULL, NULL, NULL, 'debet', 'aktif', '2026-06-10 17:00:00', '2026-06-10 17:00:00'),
(64, 1, '1700', 'Peralatan', NULL, NULL, NULL, 'debet', 'aktif', '2026-06-10 17:00:00', '2026-06-10 17:00:00'),
(65, 1, '1710', 'peralatan rumah', NULL, 64, NULL, 'debet', 'aktif', '2026-06-10 17:00:00', '2026-06-10 17:00:00'),
(66, 1, '1800', 'Tanah Bangunan', NULL, NULL, NULL, 'debet', 'aktif', '2026-06-10 17:00:00', '2026-06-10 17:00:00'),
(67, 1, '1810', 'Tanah', NULL, 66, NULL, 'debet', 'aktif', '2026-06-10 17:00:00', '2026-06-10 17:00:00'),
(68, 1, '1812', 'Bangunan  pabrik  kamulan', NULL, 67, NULL, 'debet', 'aktif', '2026-06-10 17:00:00', '2026-06-10 17:00:00'),
(69, 1, '1820', 'Bangunan', NULL, 66, NULL, 'debet', 'aktif', '2026-06-10 17:00:00', '2026-06-10 17:00:00'),
(70, 1, '1821', 'Bangunan rumah setran(dolani)', NULL, 69, NULL, 'debet', 'aktif', '2026-06-10 17:00:00', '2026-06-10 17:00:00'),
(71, 1, '1822', 'Bangunan  ( Depan lapangan tembak )', NULL, 69, NULL, 'debet', 'aktif', '2026-06-10 17:00:00', '2026-06-10 17:00:00'),
(72, 1, '1823', 'Bangunan ruko sawojajar', NULL, 69, NULL, 'debet', 'aktif', '2026-06-10 17:00:00', '2026-06-10 17:00:00'),
(73, 1, '1824', 'Bangunan ruko surabaya', NULL, 69, NULL, 'debet', 'aktif', '2026-06-10 17:00:00', '2026-06-10 17:00:00'),
(74, 1, '1825', 'Bangunan kedi', NULL, 69, NULL, 'debet', 'aktif', '2026-06-10 17:00:00', '2026-06-10 17:00:00'),
(75, 1, '1830', 'bangunan setran', NULL, 66, NULL, 'debet', 'aktif', '2026-06-10 17:00:00', '2026-06-10 17:00:00'),
(76, 1, '1840', 'bangunan ruko', NULL, 66, NULL, 'debet', 'aktif', '2026-06-10 17:00:00', '2026-06-10 17:00:00'),
(77, 1, '1900', 'Mesin & Kendaraan', NULL, NULL, NULL, 'debet', 'aktif', '2026-06-10 17:00:00', '2026-06-10 17:00:00'),
(78, 1, '1910', 'Mesin Dep Rotary', NULL, 77, NULL, 'debet', 'aktif', '2026-06-10 17:00:00', '2026-06-10 17:00:00'),
(79, 1, '1911', 'Mesin 130 Round up dan Spindleless(msn tumpuk)', NULL, 78, NULL, 'debet', 'aktif', '2026-06-10 17:00:00', '2026-06-10 17:00:00'),
(80, 1, '1912', 'Mesin 2 Meter Rotary(130)', NULL, 78, NULL, 'debet', 'aktif', '2026-06-10 17:00:00', '2026-06-10 17:00:00'),
(81, 1, '1913', 'Mesin 130 Round up dan Spindleless(msn baru)', NULL, 78, NULL, 'debet', 'aktif', '2026-06-10 17:00:00', '2026-06-10 17:00:00'),
(82, 1, '1914', 'Mesin Splindeles 260', NULL, 78, NULL, 'debet', 'aktif', '2026-06-10 17:00:00', '2026-06-10 17:00:00'),
(83, 1, '1915', 'Mesin Rotary  260', NULL, 78, NULL, 'debet', 'aktif', '2026-06-10 17:00:00', '2026-06-10 17:00:00'),
(84, 1, '1916', 'Mesin Rotary  260 (msn meranti)', NULL, 78, NULL, 'debet', 'aktif', '2026-06-10 17:00:00', '2026-06-10 17:00:00'),
(85, 1, '1917', 'Mesin 260 Round up ', NULL, 78, NULL, 'debet', 'aktif', '2026-06-10 17:00:00', '2026-06-10 17:00:00'),
(86, 1, '1918', 'Mesin Asah Pisau', NULL, 78, NULL, 'debet', 'aktif', '2026-06-10 17:00:00', '2026-06-10 17:00:00'),
(87, 1, '1920', 'Mesin Dep Balok', NULL, 77, NULL, 'debet', 'aktif', '2026-06-10 17:00:00', '2026-06-10 17:00:00'),
(88, 1, '1921', 'Mesin Potong afalan', NULL, 87, NULL, 'debet', 'aktif', '2026-06-10 17:00:00', '2026-06-10 17:00:00'),
(89, 1, '1922', 'Mesin pot aff jelek', NULL, 87, NULL, 'debet', 'aktif', '2026-06-10 17:00:00', '2026-06-10 17:00:00'),
(90, 1, '1923', 'mesin pot tangan', NULL, 87, NULL, 'debet', 'aktif', '2026-06-10 17:00:00', '2026-06-10 17:00:00'),
(91, 1, '1924', 'mesin guletine', NULL, 87, NULL, 'debet', 'aktif', '2026-06-10 17:00:00', '2026-06-10 17:00:00'),
(92, 1, '1925', 'mesin graji multirif', NULL, 87, NULL, 'debet', 'aktif', '2026-06-10 17:00:00', '2026-06-10 17:00:00'),
(93, 1, '1926', 'Mesin Balokan', NULL, 87, NULL, 'debet', 'aktif', '2026-06-10 17:00:00', '2026-06-10 17:00:00'),
(94, 1, '1927', 'Mesin graji stik', NULL, 87, NULL, 'debet', 'aktif', '2026-06-10 17:00:00', '2026-06-10 17:00:00'),
(95, 1, '1928', 'graji/LC', NULL, 87, NULL, 'debet', 'aktif', '2026-06-10 17:00:00', '2026-06-10 17:00:00'),
(96, 1, '1929', 'Mesin Press LC', NULL, 87, NULL, 'debet', 'aktif', '2026-06-10 17:00:00', '2026-06-10 17:00:00'),
(97, 1, '1930', 'Mesin Dep Dryer', NULL, 77, NULL, 'debet', 'aktif', '2026-06-10 17:00:00', '2026-06-10 17:00:00'),
(98, 1, '1931', 'Mesin Mesin Dreyer', NULL, 97, NULL, 'debet', 'aktif', '2026-06-10 17:00:00', '2026-06-10 17:00:00'),
(99, 1, '1932', 'Mesin pengeringan (Kedi)', NULL, 97, NULL, 'debet', 'aktif', '2026-06-10 17:00:00', '2026-06-10 17:00:00'),
(100, 1, '1933', 'Mesin continous', NULL, 97, NULL, 'debet', 'aktif', '2026-06-10 17:00:00', '2026-06-10 17:00:00'),
(101, 1, '1934', 'Mesin Pengaduk Lem', NULL, 97, NULL, 'debet', 'aktif', '2026-06-10 17:00:00', '2026-06-10 17:00:00'),
(102, 1, '1935', 'mesin glue', NULL, 97, NULL, 'debet', 'aktif', '2026-06-10 17:00:00', '2026-06-10 17:00:00'),
(103, 1, '1936', 'Mesin mesin  Press/ hp', NULL, 97, NULL, 'debet', 'aktif', '2026-06-10 17:00:00', '2026-06-10 17:00:00'),
(104, 1, '1937', 'mesin graji  triplek', NULL, 97, NULL, 'debet', 'aktif', '2026-06-10 17:00:00', '2026-06-10 17:00:00'),
(105, 1, '1938', 'Mesin Dep Sander', NULL, 97, NULL, 'debet', 'aktif', '2026-06-10 17:00:00', '2026-06-10 17:00:00'),
(106, 1, '1939', 'Forklift TCM (ada di gudang setran)', NULL, 97, NULL, 'debet', 'aktif', '2026-06-10 17:00:00', '2026-06-10 17:00:00'),
(107, 1, '1940', 'Mesin Dep Press', NULL, 77, NULL, 'debet', 'aktif', '2026-06-10 17:00:00', '2026-06-10 17:00:00'),
(108, 1, '1941', 'Forklift TOYOYA', NULL, 107, NULL, 'debet', 'aktif', '2026-06-10 17:00:00', '2026-06-10 17:00:00'),
(109, 1, '1942', 'fuso long (N 9520 EG)', NULL, 107, NULL, 'debet', 'aktif', '2026-06-10 17:00:00', '2026-06-10 17:00:00'),
(110, 1, '1943', 'fuso kecil (N 9287 GE)', NULL, 107, NULL, 'debet', 'aktif', '2026-06-10 17:00:00', '2026-06-10 17:00:00'),
(111, 1, '1944', ' trek ( N 8831 G)', NULL, 107, NULL, 'debet', 'aktif', '2026-06-10 17:00:00', '2026-06-10 17:00:00'),
(112, 1, '1945', ' delta ( N 9388 GB)', NULL, 107, NULL, 'debet', 'aktif', '2026-06-10 17:00:00', '2026-06-10 17:00:00'),
(113, 1, '1946', ' L 300 baru (N 9664 GF )', NULL, 107, NULL, 'debet', 'aktif', '2026-06-10 17:00:00', '2026-06-10 17:00:00'),
(114, 1, '1947', ' L 300 LAMA (N 9520 GC )', NULL, 107, NULL, 'debet', 'aktif', '2026-06-10 17:00:00', '2026-06-10 17:00:00'),
(115, 1, '1948', 'tata ( N 8057 GE )', NULL, 107, NULL, 'debet', 'aktif', '2026-06-10 17:00:00', '2026-06-10 17:00:00'),
(116, 1, '1949', 'zebra', NULL, 107, NULL, 'debet', 'aktif', '2026-06-10 17:00:00', '2026-06-10 17:00:00'),
(117, 1, '1950', 'Mesin Dep Sander', NULL, 77, NULL, 'debet', 'aktif', '2026-06-10 17:00:00', '2026-06-10 17:00:00'),
(118, 1, '1951', 'mesin wood pellet @set', NULL, 117, NULL, 'debet', 'aktif', '2026-06-10 17:00:00', '2026-06-10 17:00:00'),
(119, 1, '1952', 'KIJANG(N 0958 GL)', NULL, 117, NULL, 'debet', 'aktif', '2026-06-10 17:00:00', '2026-06-10 17:00:00'),
(120, 1, '1953', 'REVO(N 4741 JR)', NULL, 117, NULL, 'debet', 'aktif', '2026-06-10 17:00:00', '2026-06-10 17:00:00'),
(121, 1, '1954', 'JUPITER Yamaha (N 3158 ECB)', NULL, 117, NULL, 'debet', 'aktif', '2026-06-10 17:00:00', '2026-06-10 17:00:00'),
(122, 1, '1955', 'SUPRA (N 3009 HHB)', NULL, 117, NULL, 'debet', 'aktif', '2026-06-10 17:00:00', '2026-06-10 17:00:00'),
(123, 1, '1956', 'MIO (AG 2198 GW)', NULL, 117, NULL, 'debet', 'aktif', '2026-06-10 17:00:00', '2026-06-10 17:00:00'),
(124, 1, '1957', 'damtruk ( N 8238 BJ )', NULL, 117, NULL, 'debet', 'aktif', '2026-06-10 17:00:00', '2026-06-10 17:00:00'),
(125, 1, '1958', 'Forklift TOYOYA ke 2', NULL, 117, NULL, 'debet', 'aktif', '2026-06-10 17:00:00', '2026-06-10 17:00:00'),
(126, 1, '1959', 'Sepeda motor listrik', NULL, 117, NULL, 'debet', 'aktif', '2026-06-10 17:00:00', '2026-06-10 17:00:00'),
(127, 1, '1960', 'Forklift', NULL, 77, NULL, 'debet', 'aktif', '2026-06-10 17:00:00', '2026-06-10 17:00:00'),
(128, 1, '1970', 'Mobil Angkutan', NULL, 77, NULL, 'debet', 'aktif', '2026-06-10 17:00:00', '2026-06-10 17:00:00'),
(129, 1, '1980', 'Mobil Kantor', NULL, 77, NULL, 'debet', 'aktif', '2026-06-10 17:00:00', '2026-06-10 17:00:00'),
(130, 1, '1990', 'Sepeda Motor', NULL, 77, NULL, 'debet', 'aktif', '2026-06-10 17:00:00', '2026-06-10 17:00:00'),
(131, 2, '2100', 'Hutang Perusahaan', NULL, NULL, NULL, 'kredit', 'aktif', '2026-06-10 17:00:00', '2026-06-10 17:00:00'),
(132, 2, '2101', 'hutang Bank 999', NULL, 131, NULL, 'debet', 'aktif', '2026-06-10 17:00:00', '2026-06-10 17:00:00'),
(133, 2, '2200', 'Hutang Produksi', NULL, NULL, NULL, 'kredit', 'aktif', '2026-06-10 17:00:00', '2026-06-10 17:00:00'),
(134, 2, '2210', 'Hutang Gaji', NULL, 133, NULL, 'kredit', 'aktif', '2026-06-10 17:00:00', '2026-06-10 17:00:00'),
(135, 2, '2220', 'hutang kandang', NULL, 133, NULL, 'kredit', 'aktif', '2026-06-10 17:00:00', '2026-06-10 17:00:00'),
(136, 2, '2230', 'hutang bakso', NULL, 133, NULL, 'kredit', 'aktif', '2026-06-10 17:00:00', '2026-06-10 17:00:00'),
(137, 2, '2231', 'Hutang Gaji', NULL, 136, NULL, 'debet', 'aktif', '2026-06-10 17:00:00', '2026-06-10 17:00:00'),
(138, 2, '2240', 'hutang bunga', NULL, 133, NULL, 'kredit', 'aktif', '2026-06-10 17:00:00', '2026-06-10 17:00:00'),
(139, 2, '2250', 'Hutang pratama adi jaya', NULL, 133, NULL, 'debet', 'aktif', '2026-06-10 17:00:00', '2026-06-10 17:00:00'),
(140, 2, '2260', 'hutang Aruki (tangki)', NULL, 133, NULL, 'debet', 'aktif', '2026-06-10 17:00:00', '2026-06-10 17:00:00'),
(141, 2, '2270', 'Hutang LEM  PAI', NULL, 133, NULL, 'debet', 'aktif', '2026-06-10 17:00:00', '2026-06-10 17:00:00'),
(142, 2, '2280', 'hutang Dhani', NULL, 133, NULL, 'debet', 'aktif', '2026-06-10 17:00:00', '2026-06-10 17:00:00'),
(143, 2, '2290', 'hutang Lahan', NULL, 133, NULL, 'debet', 'aktif', '2026-06-10 17:00:00', '2026-06-10 17:00:00'),
(144, 3, '3100', 'Penambahan Modal', NULL, NULL, NULL, 'kredit', 'aktif', '2026-06-10 17:00:00', '2026-06-10 17:00:00'),
(145, 3, '3200', 'LABA/RUGI thn berjalan', NULL, NULL, NULL, 'debet', 'aktif', '2026-06-10 17:00:00', '2026-06-10 17:00:00'),
(146, 4, '4100', 'pendapatan penjualan triplek', NULL, NULL, NULL, 'kredit', 'aktif', '2026-06-10 17:00:00', '2026-06-10 17:00:00'),
(147, 4, '4109', 'kayu bakar', NULL, 146, NULL, 'debet', 'aktif', '2026-06-10 17:00:00', '2026-06-10 17:00:00'),
(148, 4, '4110', 'pendapatan triplex', NULL, 146, NULL, 'kredit', 'aktif', '2026-06-10 17:00:00', '2026-06-10 17:00:00'),
(149, 4, '4111', 'pendapatan penjualan triplek', NULL, 148, NULL, 'debet', 'aktif', '2026-06-10 17:00:00', '2026-06-10 17:00:00'),
(150, 4, '4200', 'pendapatan penjualan kayu bakar', NULL, NULL, NULL, 'kredit', 'aktif', '2026-06-10 17:00:00', '2026-06-10 17:00:00'),
(151, 4, '4211', 'pendapatan penjualan kayu bakar', NULL, 150, NULL, 'debet', 'aktif', '2026-06-10 17:00:00', '2026-06-10 17:00:00'),
(152, 4, '4212', 'pendapatan penjualan logcore', NULL, 150, NULL, 'debet', 'aktif', '2026-06-10 17:00:00', '2026-06-10 17:00:00'),
(153, 4, '4213', 'pendapatan penjualan veneer', NULL, 150, NULL, 'debet', 'aktif', '2026-06-10 17:00:00', '2026-06-10 17:00:00'),
(155, 4, '4311', 'pendapatan lain lain', NULL, 154, NULL, 'debet', 'aktif', '2026-06-10 17:00:00', '2026-06-10 17:00:00'),
(156, 4, '4400', 'pendapatan kelebihan barang', NULL, NULL, NULL, 'kredit', 'aktif', '2026-06-10 17:00:00', '2026-06-10 17:00:00'),
(157, 4, '4410', 'pendapatan kelebihan veneer', NULL, 156, NULL, 'kredit', 'aktif', '2026-06-10 17:00:00', '2026-06-10 17:00:00'),
(158, 4, '4411', 'Pendapatan Kelebihan Kupasan', NULL, 157, NULL, 'debet', 'aktif', '2026-06-10 17:00:00', '2026-06-10 17:00:00'),
(159, 4, '4412', 'Pendapatan Kelebihan viner basah', NULL, 157, NULL, 'debet', 'aktif', '2026-06-10 17:00:00', '2026-06-10 17:00:00'),
(160, 4, '4413', 'Pendapatan Kelebihan viner kering (dy)', NULL, 157, NULL, 'debet', 'aktif', '2026-06-10 17:00:00', '2026-06-10 17:00:00'),
(161, 4, '4414', 'Pendapatan Kelebihan viner tembel + hotpres', NULL, 157, NULL, 'debet', 'aktif', '2026-06-10 17:00:00', '2026-06-10 17:00:00'),
(162, 4, '4416', 'pendapatan kelebihan sending', NULL, 157, NULL, 'debet', 'aktif', '2026-06-10 17:00:00', '2026-06-10 17:00:00'),
(163, 4, '4417', 'Pendapatan kelebihan veneer tembel luar', NULL, 157, NULL, 'debet', 'aktif', '2026-06-10 17:00:00', '2026-06-10 17:00:00'),
(164, 4, '4419', 'Pendapatan sewa mobil', NULL, 157, NULL, 'debet', 'aktif', '2026-06-10 17:00:00', '2026-06-10 17:00:00'),
(165, 4, '4500', 'pendapatan rugi laba', NULL, NULL, NULL, 'kredit', 'aktif', '2026-06-10 17:00:00', '2026-06-10 17:00:00'),
(166, 4, '4600', 'bunga dr bank', NULL, NULL, NULL, 'debet', 'aktif', '2026-06-10 17:00:00', '2026-06-10 17:00:00'),
(167, 4, '4900', 'Selisih Jurnal', NULL, NULL, NULL, 'kredit', 'aktif', '2026-06-10 17:00:00', '2026-06-10 17:00:00'),
(168, 4, '4990', 'koreksi', NULL, 167, NULL, 'kredit', 'aktif', '2026-06-10 17:00:00', '2026-06-10 17:00:00'),
(169, 4, '4999', 'koreksi', NULL, 168, NULL, 'debet', 'aktif', '2026-06-10 17:00:00', '2026-06-10 17:00:00'),
(170, 5, '5100', 'beban gaji', NULL, NULL, NULL, 'debet', 'aktif', '2026-06-10 17:00:00', '2026-06-10 17:00:00'),
(171, 5, '5101', 'beban gaji bulanan', NULL, 170, NULL, 'debet', 'aktif', '2026-06-10 17:00:00', '2026-06-10 17:00:00'),
(172, 5, '5102', 'beban gaji mingguan', NULL, 170, NULL, 'debet', 'aktif', '2026-06-10 17:00:00', '2026-06-10 17:00:00'),
(173, 5, '5103', 'beban gaji vener', NULL, 170, NULL, 'debet', 'aktif', '2026-06-10 17:00:00', '2026-06-10 17:00:00'),
(174, 5, '5200', 'beban mobil', NULL, NULL, NULL, 'debet', 'aktif', '2026-06-10 17:00:00', '2026-06-10 17:00:00'),
(175, 5, '5201', 'bbm/solar', NULL, 174, NULL, 'debet', 'aktif', '2026-06-10 17:00:00', '2026-06-10 17:00:00'),
(176, 5, '5300', 'beban sumbangan', NULL, NULL, NULL, 'debet', 'aktif', '2026-06-10 17:00:00', '2026-06-10 17:00:00'),
(177, 5, '5301', 'beban sumbangan', NULL, 176, NULL, 'debet', 'aktif', '2026-06-10 17:00:00', '2026-06-10 17:00:00'),
(178, 5, '5400', 'beban bagunan & perijinan', NULL, NULL, NULL, 'debet', 'aktif', '2026-06-10 17:00:00', '2026-06-10 17:00:00'),
(179, 5, '5401', 'beban perawatan bangunan', NULL, 178, NULL, 'debet', 'aktif', '2026-06-10 17:00:00', '2026-06-10 17:00:00'),
(180, 5, '5402', 'Beban Oprasional Produksi', NULL, 178, NULL, 'debet', 'aktif', '2026-06-10 17:00:00', '2026-06-10 17:00:00'),
(181, 5, '5403', 'beban sparepart mesin', NULL, 178, NULL, 'debet', 'aktif', '2026-06-10 17:00:00', '2026-06-10 17:00:00'),
(182, 5, '5404', 'beban perbaikan', NULL, 178, NULL, 'debet', 'aktif', '2026-06-10 17:00:00', '2026-06-10 17:00:00'),
(183, 5, '5405', 'beban sparepart kendaraan', NULL, 178, NULL, 'debet', 'aktif', '2026-06-10 17:00:00', '2026-06-10 17:00:00'),
(184, 5, '5406', 'beban perijinan', NULL, 178, NULL, 'debet', 'aktif', '2026-06-10 17:00:00', '2026-06-10 17:00:00'),
(185, 5, '5407', 'keamanan', NULL, 178, NULL, 'debet', 'aktif', '2026-06-10 17:00:00', '2026-06-10 17:00:00'),
(186, 5, '5500', 'beban mesin', NULL, NULL, NULL, 'debet', 'aktif', '2026-06-10 17:00:00', '2026-06-10 17:00:00'),
(187, 5, '5600', 'beban kecelakaan ', NULL, NULL, NULL, 'debet', 'aktif', '2026-06-10 17:00:00', '2026-06-10 17:00:00'),
(188, 5, '5610', 'pajak dibayar dimuka', NULL, 187, NULL, 'debet', 'aktif', '2026-06-10 17:00:00', '2026-06-10 17:00:00'),
(189, 5, '5620', 'beban produksi kupasan', NULL, 187, NULL, 'debet', 'aktif', '2026-06-10 17:00:00', '2026-06-10 17:00:00'),
(190, 5, '5630', 'beban produksi dryer', NULL, 187, NULL, 'debet', 'aktif', '2026-06-10 17:00:00', '2026-06-10 17:00:00'),
(191, 5, '5640', 'beban produksi tembel', NULL, 187, NULL, 'debet', 'aktif', '2026-06-10 17:00:00', '2026-06-10 17:00:00'),
(192, 5, '5650', 'beban produksi hotpress', NULL, 187, NULL, 'debet', 'aktif', '2026-06-10 17:00:00', '2026-06-10 17:00:00'),
(193, 5, '5660', 'beban produksi lain-lain', NULL, 187, NULL, 'debet', 'aktif', '2026-06-10 17:00:00', '2026-06-10 17:00:00'),
(194, 5, '5670', 'beban gudang setran ', NULL, 187, NULL, 'debet', 'aktif', '2026-06-10 17:00:00', '2026-06-10 17:00:00'),
(195, 5, '5700', 'beban bunga', NULL, NULL, NULL, 'debet', 'aktif', '2026-06-10 17:00:00', '2026-06-10 17:00:00'),
(196, 5, '5701', 'bunga bank + ll bank', NULL, 195, NULL, 'debet', 'aktif', '2026-06-10 17:00:00', '2026-06-10 17:00:00'),
(197, 5, '5702', 'beban kerugian', NULL, 195, NULL, 'debet', 'aktif', '2026-06-10 17:00:00', '2026-06-10 17:00:00'),
(198, 5, '5800', 'beban lain', NULL, NULL, NULL, 'debet', 'aktif', '2026-06-10 17:00:00', '2026-06-10 17:00:00'),
(199, 5, '5810', 'beban listrik', NULL, 198, NULL, 'debet', 'aktif', '2026-06-10 17:00:00', '2026-06-10 17:00:00'),
(200, 5, '5820', 'beban air', NULL, 198, NULL, 'debet', 'aktif', '2026-06-10 17:00:00', '2026-06-10 17:00:00'),
(201, 5, '5830', 'beban telepon', NULL, 198, NULL, 'debet', 'aktif', '2026-06-10 17:00:00', '2026-06-10 17:00:00'),
(202, 5, '5840', 'beban kantor', NULL, 198, NULL, 'debet', 'aktif', '2026-06-10 17:00:00', '2026-06-10 17:00:00'),
(203, 5, '5850', 'beban asuransi', NULL, 198, NULL, 'debet', 'aktif', '2026-06-10 17:00:00', '2026-06-10 17:00:00'),
(204, 5, '5900', 'beban pajak', NULL, NULL, NULL, 'debet', 'aktif', '2026-06-10 17:00:00', '2026-06-10 17:00:00'),
(205, 6, '6100', 'hpp', NULL, NULL, NULL, 'debet', 'aktif', '2026-06-10 17:00:00', '2026-06-10 17:00:00'),
(206, 6, '6110', 'hpp', NULL, 205, NULL, 'debet', 'aktif', '2026-06-10 17:00:00', '2026-06-10 17:00:00'),
(207, 6, '6111', 'hpp triplek', NULL, 206, NULL, 'debet', 'aktif', '2026-06-10 17:00:00', '2026-06-10 17:00:00'),
(208, 6, '6112', 'hpp kayu gelondongan', NULL, 206, NULL, 'debet', 'aktif', '2026-06-10 17:00:00', '2026-06-10 17:00:00'),
(209, 1, '1301', 'Piutang Pelanggan', NULL, 21, NULL, 'debet', 'aktif', '2026-06-10 17:00:00', '2026-06-10 17:00:00'),
(210, 1, '1302', 'Piutang Supplier', NULL, 21, NULL, 'debet', 'aktif', '2026-06-10 17:00:00', '2026-06-10 17:00:00'),
(211, 1, '1303', 'Piutang Lain', NULL, 21, NULL, 'debet', 'aktif', '2026-06-10 17:00:00', '2026-06-10 17:00:00'),
(212, 1, '1304', 'Piutang Karyawan & Lainnya', NULL, 21, NULL, 'debet', 'aktif', '2026-06-10 17:00:00', '2026-06-10 17:00:00'),
(213, 1, '1411', 'Kayu WJY Rinci', NULL, 24, NULL, 'debet', 'aktif', '2026-06-10 17:00:00', '2026-06-10 17:00:00'),
(214, 1, '1413', 'Log Core & Kayu WHN', NULL, 24, NULL, 'debet', 'aktif', '2026-06-10 17:00:00', '2026-06-10 17:00:00'),
(215, 1, '1501', 'Stok Lain-Lain', NULL, 50, NULL, 'debet', 'aktif', '2026-06-10 17:00:00', '2026-06-10 17:00:00'),
(216, 1, '1601', 'Perlengkapan Rinci', NULL, 63, NULL, 'debet', 'aktif', '2026-06-10 17:00:00', '2026-06-10 17:00:00'),
(217, 1, '1701', 'Peralatan Rinci', NULL, 64, NULL, 'debet', 'aktif', '2026-06-10 17:00:00', '2026-06-10 17:00:00'),
(218, 1, '1811', 'Tanah & Bangunan Rinci', NULL, 67, NULL, 'debet', 'aktif', '2026-06-10 17:00:00', '2026-06-10 17:00:00'),
(219, 2, '2271', 'Hutang LEM PAI Rinci', NULL, 141, NULL, 'kredit', 'aktif', '2026-06-10 17:00:00', '2026-06-10 17:00:00'),
(220, 2, '2300', 'Hutang Lain-Lain', NULL, NULL, NULL, 'kredit', 'aktif', '2026-06-10 17:00:00', '2026-06-10 17:00:00'),
(221, 2, '2400', 'Hutang Jangka Pendek', NULL, NULL, NULL, 'kredit', 'aktif', '2026-06-10 17:00:00', '2026-06-10 17:00:00'),
(222, 3, '3000', 'Modal Awal', NULL, NULL, NULL, 'kredit', 'aktif', '2026-06-10 17:00:00', '2026-06-10 17:00:00'),
(223, 5, '5601', 'Beban Kecelakaan Rinci', NULL, 187, NULL, 'debet', 'aktif', '2026-06-10 17:00:00', '2026-06-10 17:00:00');

-- --------------------------------------------------------

--
-- Table structure for table `induk_akuns`
--

CREATE TABLE `induk_akuns` (
  `id` bigint UNSIGNED NOT NULL,
  `kode_induk_akun` varchar(255) COLLATE utf8mb4_unicode_ci NOT NULL,
  `nama_induk_akun` varchar(255) COLLATE utf8mb4_unicode_ci DEFAULT 'Tidak Punya Nama Akun',
  `keterangan` text COLLATE utf8mb4_unicode_ci,
  `saldo_normal` text COLLATE utf8mb4_unicode_ci,
  `status` varchar(255) COLLATE utf8mb4_unicode_ci NOT NULL DEFAULT 'aktif',
  `created_by` bigint UNSIGNED DEFAULT NULL,
  `created_at` timestamp NULL DEFAULT NULL,
  `updated_at` timestamp NULL DEFAULT NULL
) ENGINE=InnoDB DEFAULT CHARSET=utf8mb4 COLLATE=utf8mb4_unicode_ci;

--
-- Dumping data for table `induk_akuns`
--

INSERT INTO `induk_akuns` (`id`, `kode_induk_akun`, `nama_induk_akun`, `keterangan`, `saldo_normal`, `status`, `created_by`, `created_at`, `updated_at`) VALUES
(1, '1000', 'Aset', NULL, 'debet', 'aktif', NULL, '2026-06-10 17:00:00', '2026-06-10 17:00:00'),
(2, '2000', 'Hutang', NULL, 'kredit', 'aktif', NULL, '2026-06-10 17:00:00', '2026-06-10 17:00:00'),
(3, '3000', 'Modal', NULL, 'kredit', 'aktif', NULL, '2026-06-10 17:00:00', '2026-06-10 17:00:00'),
(4, '4000', 'Pendapatan', NULL, 'kredit', 'aktif', NULL, '2026-06-10 17:00:00', '2026-06-10 17:00:00'),
(5, '5000', 'Beban', NULL, 'debet', 'aktif', NULL, '2026-06-10 17:00:00', '2026-06-10 17:00:00'),
(6, '6000', 'HPP', NULL, 'debet', 'aktif', NULL, '2026-06-10 17:00:00', '2026-06-10 17:00:00');

-- --------------------------------------------------------

--
-- Table structure for table `sub_anak_akuns`
--

CREATE TABLE `sub_anak_akuns` (
  `id` bigint UNSIGNED NOT NULL,
  `id_anak_akun` bigint UNSIGNED NOT NULL,
  `kode_sub_anak_akun` varchar(255) COLLATE utf8mb4_unicode_ci NOT NULL,
  `nama_sub_anak_akun` varchar(255) COLLATE utf8mb4_unicode_ci DEFAULT 'Tidak Punya Nama Akun',
  `keterangan` text COLLATE utf8mb4_unicode_ci,
  `status` varchar(255) COLLATE utf8mb4_unicode_ci NOT NULL DEFAULT 'aktif',
  `saldo_normal` varchar(255) COLLATE utf8mb4_unicode_ci DEFAULT NULL,
  `created_by` bigint UNSIGNED DEFAULT NULL,
  `created_at` timestamp NULL DEFAULT NULL,
  `updated_at` timestamp NULL DEFAULT NULL
) ENGINE=InnoDB DEFAULT CHARSET=utf8mb4 COLLATE=utf8mb4_unicode_ci;

--
-- Dumping data for table `sub_anak_akuns`
--

INSERT INTO `sub_anak_akuns` (`id`, `id_anak_akun`, `kode_sub_anak_akun`, `nama_sub_anak_akun`, `keterangan`, `status`, `saldo_normal`, `created_by`, `created_at`, `updated_at`) VALUES
(1, 21, '1300.01', 'Piutang Agus - Amartha hils', NULL, 'aktif', 'debet', NULL, '2026-06-10 17:00:00', '2026-06-10 17:00:00'),
(2, 21, '1300.02', 'Piutang Ani', NULL, 'aktif', 'debet', NULL, '2026-06-10 17:00:00', '2026-06-10 17:00:00'),
(3, 21, '1300.03', 'Piutang Brilliant', NULL, 'aktif', 'debet', NULL, '2026-06-10 17:00:00', '2026-06-10 17:00:00'),
(4, 21, '1300.04', 'Piutang Dodik PT Agit Perkasa', NULL, 'aktif', 'debet', NULL, '2026-06-10 17:00:00', '2026-06-10 17:00:00'),
(5, 21, '1300.05', 'Piutang Gatra Mapan', NULL, 'aktif', 'debet', NULL, '2026-06-10 17:00:00', '2026-06-10 17:00:00'),
(6, 21, '1300.06', 'Piutang Jaya Makmur Perkasa', NULL, 'aktif', 'debet', NULL, '2026-06-10 17:00:00', '2026-06-10 17:00:00'),
(7, 21, '1300.07', 'Piutang Karsono', NULL, 'aktif', 'debet', NULL, '2026-06-10 17:00:00', '2026-06-10 17:00:00'),
(8, 21, '1300.08', 'Piutang Kholil', NULL, 'aktif', 'debet', NULL, '2026-06-10 17:00:00', '2026-06-10 17:00:00'),
(9, 21, '1300.09', 'Piutang Perseroan Komanditer Dua Putra Jaya', NULL, 'aktif', 'debet', NULL, '2026-06-10 17:00:00', '2026-06-10 17:00:00'),
(10, 21, '1300.10', 'Piutang Sisqo', NULL, 'aktif', 'debet', NULL, '2026-06-10 17:00:00', '2026-06-10 17:00:00'),
(11, 21, '1300.11', 'Piutang William', NULL, 'aktif', 'debet', NULL, '2026-06-10 17:00:00', '2026-06-10 17:00:00'),
(12, 21, '1300.12', 'Piutang Yosep', NULL, 'aktif', 'debet', NULL, '2026-06-10 17:00:00', '2026-06-10 17:00:00'),
(13, 21, '1300.13', 'Piutang INA', NULL, 'aktif', 'debet', NULL, '2026-06-10 17:00:00', '2026-06-10 17:00:00'),
(14, 21, '1300.14', 'Piutang Sumadi', NULL, 'aktif', 'debet', NULL, '2026-06-10 17:00:00', '2026-06-10 17:00:00'),
(15, 21, '1300.15', 'Piutang Dyson', NULL, 'aktif', 'debet', NULL, '2026-06-10 17:00:00', '2026-06-10 17:00:00'),
(16, 21, '1300.16', 'Piutang MJF', NULL, 'aktif', 'debet', NULL, '2026-06-10 17:00:00', '2026-06-10 17:00:00'),
(17, 21, '1300.17', 'Piutang Haryanto', NULL, 'aktif', 'debet', NULL, '2026-06-10 17:00:00', '2026-06-10 17:00:00'),
(18, 21, '1300.18', 'Piutang Haryono', NULL, 'aktif', 'debet', NULL, '2026-06-10 17:00:00', '2026-06-10 17:00:00'),
(19, 21, '1300.19', 'Piutang Sugianto', NULL, 'aktif', 'debet', NULL, '2026-06-10 17:00:00', '2026-06-10 17:00:00'),
(20, 21, '1300.70', 'Piutang Air Kontrakan Barat /mulai kontark bln 3 2021', NULL, 'aktif', 'debet', NULL, '2026-06-10 17:00:00', '2026-06-10 17:00:00'),
(21, 21, '1300.71', 'Piutang Air Kontrakan Tengah(akin)', NULL, 'aktif', 'debet', NULL, '2026-06-10 17:00:00', '2026-06-10 17:00:00'),
(22, 21, '1300.72', 'Piutang Air Kontrakan Timur', NULL, 'aktif', 'debet', NULL, '2026-06-10 17:00:00', '2026-06-10 17:00:00'),
(23, 21, '1300.73', 'piutang 928 / rijal', NULL, 'aktif', 'debet', NULL, '2026-06-10 17:00:00', '2026-06-10 17:00:00'),
(24, 21, '1300.74', 'piutang 550 / bu siti ', NULL, 'aktif', 'debet', NULL, '2026-06-10 17:00:00', '2026-06-10 17:00:00'),
(25, 21, '1300.75', 'piutang 956 / susilowati ', NULL, 'aktif', 'debet', NULL, '2026-06-10 17:00:00', '2026-06-10 17:00:00'),
(26, 209, '1301.01', 'piutang tembel luar', NULL, 'aktif', 'debet', NULL, '2026-06-10 17:00:00', '2026-06-10 17:00:00'),
(27, 210, '1302.01', 'Piutang Dwidaya (barang)', NULL, 'aktif', 'debet', NULL, '2026-06-10 17:00:00', '2026-06-10 17:00:00'),
(28, 210, '1302.02', 'Piutang kayu rimba', NULL, 'aktif', 'debet', NULL, '2026-06-10 17:00:00', '2026-06-10 17:00:00'),
(29, 210, '1302.03', 'piutang kandang  (barang )', NULL, 'aktif', 'debet', NULL, '2026-06-10 17:00:00', '2026-06-10 17:00:00'),
(30, 210, '1302.04', 'piutang diato wood / thomas', NULL, 'aktif', 'debet', NULL, '2026-06-10 17:00:00', '2026-06-10 17:00:00'),
(31, 210, '1302.05', 'piutang sari argo', NULL, 'aktif', 'debet', NULL, '2026-06-10 17:00:00', '2026-06-10 17:00:00'),
(32, 210, '1302.07', 'Piutang Bu Eddy', NULL, 'aktif', 'debet', NULL, '2026-06-10 17:00:00', '2026-06-10 17:00:00'),
(33, 210, '1302.08', 'Piutang Rukun Malang', NULL, 'aktif', 'debet', NULL, '2026-06-10 17:00:00', '2026-06-10 17:00:00'),
(34, 210, '1302.09', 'piutang rumah lawang', NULL, 'aktif', 'debet', NULL, '2026-06-10 17:00:00', '2026-06-10 17:00:00'),
(35, 210, '1302.11', 'piutang surya agung ban', NULL, 'aktif', 'debet', NULL, '2026-06-10 17:00:00', '2026-06-10 17:00:00'),
(36, 210, '1302.12', 'piutang sugik jok', NULL, 'aktif', 'debet', NULL, '2026-06-10 17:00:00', '2026-06-10 17:00:00'),
(37, 210, '1302.13', 'piutang luki', NULL, 'aktif', 'debet', NULL, '2026-06-10 17:00:00', '2026-06-10 17:00:00'),
(38, 210, '1302.14', 'piutang jati makmur', NULL, 'aktif', 'debet', NULL, '2026-06-10 17:00:00', '2026-06-10 17:00:00'),
(39, 210, '1302.15', 'piutang pihak ke 3', NULL, 'aktif', 'debet', NULL, '2026-06-10 17:00:00', '2026-06-10 17:00:00'),
(40, 210, '1302.16', 'piutang daya cipta', NULL, 'aktif', 'debet', NULL, '2026-06-10 17:00:00', '2026-06-10 17:00:00'),
(41, 210, '1302.17', 'piutang cahaya terang', NULL, 'aktif', 'debet', NULL, '2026-06-10 17:00:00', '2026-06-10 17:00:00'),
(42, 210, '1302.18', 'piutang laksum', NULL, 'aktif', 'debet', NULL, '2026-06-10 17:00:00', '2026-06-10 17:00:00'),
(43, 210, '1302.19', 'piutang terpal', NULL, 'aktif', 'debet', NULL, '2026-06-10 17:00:00', '2026-06-10 17:00:00'),
(44, 210, '1302.20', 'piutang Garuda (Bengkel)', NULL, 'aktif', 'debet', NULL, '2026-06-10 17:00:00', '2026-06-10 17:00:00'),
(45, 211, '1303.01', 'piutang aruki', NULL, 'aktif', 'debet', NULL, '2026-06-10 17:00:00', '2026-06-10 17:00:00'),
(46, 211, '1303.02', 'piutang bogasari', NULL, 'aktif', 'debet', NULL, '2026-06-10 17:00:00', '2026-06-10 17:00:00'),
(47, 211, '1303.03', 'piutang online', NULL, 'aktif', 'debet', NULL, '2026-06-10 17:00:00', '2026-06-10 17:00:00'),
(48, 211, '1303.04', 'piutang PPN', NULL, 'aktif', 'debet', NULL, '2026-06-10 17:00:00', '2026-06-10 17:00:00'),
(49, 211, '1303.05', 'piutang bahtera', NULL, 'aktif', 'debet', NULL, '2026-06-10 17:00:00', '2026-06-10 17:00:00'),
(50, 211, '1303.06', 'piutang sumber rejeki', NULL, 'aktif', 'debet', NULL, '2026-06-10 17:00:00', '2026-06-10 17:00:00'),
(51, 211, '1303.07', 'piutang semangat duta abadi', NULL, 'aktif', 'debet', NULL, '2026-06-10 17:00:00', '2026-06-10 17:00:00'),
(52, 211, '1303.08', 'piutang tritools indonesia', NULL, 'aktif', 'debet', NULL, '2026-06-10 17:00:00', '2026-06-10 17:00:00'),
(53, 211, '1303.09', 'piutang jaya gemilang wardhani', NULL, 'aktif', 'debet', NULL, '2026-06-10 17:00:00', '2026-06-10 17:00:00'),
(54, 211, '1303.10', 'piutang kencana maju bersama', NULL, 'aktif', 'debet', NULL, '2026-06-10 17:00:00', '2026-06-10 17:00:00'),
(55, 211, '1303.11', 'piutang pamindo', NULL, 'aktif', 'debet', NULL, '2026-06-10 17:00:00', '2026-06-10 17:00:00'),
(56, 212, '1304.01', 'piutang gaji', NULL, 'aktif', 'debet', NULL, '2026-06-10 17:00:00', '2026-06-10 17:00:00'),
(57, 212, '1304.02', 'piutang shandong yuequn (china)', NULL, 'aktif', 'debet', NULL, '2026-06-10 17:00:00', '2026-06-10 17:00:00'),
(58, 212, '1304.03', 'piutang jiuda senlin indonesia', NULL, 'aktif', 'debet', NULL, '2026-06-10 17:00:00', '2026-06-10 17:00:00'),
(59, 212, '1304.04', 'piutang coretax', NULL, 'aktif', 'debet', NULL, '2026-06-10 17:00:00', '2026-06-10 17:00:00'),
(60, 212, '1304.05', 'piutang pembelian barang', NULL, 'aktif', 'debet', NULL, '2026-06-10 17:00:00', '2026-06-10 17:00:00'),
(61, 212, '1304.06', 'piutang gama wijaya (turen)', NULL, 'aktif', 'debet', NULL, '2026-06-10 17:00:00', '2026-06-10 17:00:00'),
(62, 212, '1304.07', 'piutang service laptop', NULL, 'aktif', 'debet', NULL, '2026-06-10 17:00:00', '2026-06-10 17:00:00'),
(63, 212, '1304.08', 'piutang sugiono', NULL, 'aktif', 'debet', NULL, '2026-06-10 17:00:00', '2026-06-10 17:00:00'),
(64, 212, '1304.09', 'piutang balsa', NULL, 'aktif', 'debet', NULL, '2026-06-10 17:00:00', '2026-06-10 17:00:00'),
(65, 212, '1304.10', 'piutang peter chen (pakis)', NULL, 'aktif', 'debet', NULL, '2026-06-10 17:00:00', '2026-06-10 17:00:00'),
(66, 212, '1304.11', 'piutang basori', NULL, 'aktif', 'debet', NULL, '2026-06-10 17:00:00', '2026-06-10 17:00:00'),
(67, 212, '1304.12', 'piutang bengkel pratama tehnik', NULL, 'aktif', 'debet', NULL, '2026-06-10 17:00:00', '2026-06-10 17:00:00'),
(68, 213, '1411.01', 'kayu Lunak 260 WJY', NULL, 'aktif', 'debet', NULL, '2026-06-10 17:00:00', '2026-06-10 17:00:00'),
(69, 213, '1411.02', 'Kayu Keras 260 WJY', NULL, 'aktif', 'debet', NULL, '2026-06-10 17:00:00', '2026-06-10 17:00:00'),
(70, 213, '1411.03', 'Kayu Lunak 130 WJY', NULL, 'aktif', 'debet', NULL, '2026-06-10 17:00:00', '2026-06-10 17:00:00'),
(71, 213, '1411.04', 'Kayu Keras 130 WJY', NULL, 'aktif', 'debet', NULL, '2026-06-10 17:00:00', '2026-06-10 17:00:00'),
(72, 213, '1411.05', 'Kayu Meranti WJY', NULL, 'aktif', 'debet', NULL, '2026-06-10 17:00:00', '2026-06-10 17:00:00'),
(73, 213, '1411.06', 'Kayu Rijek WJY', NULL, 'aktif', 'debet', NULL, '2026-06-10 17:00:00', '2026-06-10 17:00:00'),
(74, 213, '1411.07', 'kayu Lunak 230 WJY', NULL, 'aktif', 'debet', NULL, '2026-06-10 17:00:00', '2026-06-10 17:00:00'),
(75, 213, '1411.08', 'kayu Lunak 100 WJY', NULL, 'aktif', 'debet', NULL, '2026-06-10 17:00:00', '2026-06-10 17:00:00'),
(76, 214, '1413.03', 'log core 260 WJY', NULL, 'aktif', 'debet', NULL, '2026-06-10 17:00:00', '2026-06-10 17:00:00'),
(77, 214, '1413.04', 'log core 130 WJY', NULL, 'aktif', 'debet', NULL, '2026-06-10 17:00:00', '2026-06-10 17:00:00'),
(78, 214, '1413.05', 'kayu balo,an', NULL, 'aktif', 'debet', NULL, '2026-06-10 17:00:00', '2026-06-10 17:00:00'),
(79, 214, '1413.06', 'Kayu Keras 260 WHN', NULL, 'aktif', 'debet', NULL, '2026-06-10 17:00:00', '2026-06-10 17:00:00'),
(80, 214, '1413.07', 'Kayu Lunak 130 WHN', NULL, 'aktif', 'debet', NULL, '2026-06-10 17:00:00', '2026-06-10 17:00:00'),
(81, 214, '1413.08', 'Kayu Keras 130 WHN', NULL, 'aktif', 'debet', NULL, '2026-06-10 17:00:00', '2026-06-10 17:00:00'),
(82, 214, '1413.09', 'Kayu Meranti WHN', NULL, 'aktif', 'debet', NULL, '2026-06-10 17:00:00', '2026-06-10 17:00:00'),
(83, 214, '1413.10', 'Kayu Rijek WHN', NULL, 'aktif', 'debet', NULL, '2026-06-10 17:00:00', '2026-06-10 17:00:00'),
(84, 214, '1413.11', 'kayu Lunak 230 WHN', NULL, 'aktif', 'debet', NULL, '2026-06-10 17:00:00', '2026-06-10 17:00:00'),
(85, 214, '1413.12', 'kayu Lunak 100 WHN', NULL, 'aktif', 'debet', NULL, '2026-06-10 17:00:00', '2026-06-10 17:00:00'),
(86, 214, '1413.13', 'log core 260 WHN', NULL, 'aktif', 'debet', NULL, '2026-06-10 17:00:00', '2026-06-10 17:00:00'),
(87, 27, '1421.01', 'Veneer Basah 260 face/back sengon WHN', NULL, 'aktif', 'debet', NULL, '2026-06-10 17:00:00', '2026-06-10 17:00:00'),
(88, 28, '1422.01', 'Veneer Basah 260 face/back meranti WHN', NULL, 'aktif', 'debet', NULL, '2026-06-10 17:00:00', '2026-06-10 17:00:00'),
(89, 29, '1426.01', 'Veneer Basah 130 core sengon WHN', NULL, 'aktif', 'debet', NULL, '2026-06-10 17:00:00', '2026-06-10 17:00:00'),
(90, 30, '1427.01', 'Veneer Basah 130 core meranti WHN', NULL, 'aktif', 'debet', NULL, '2026-06-10 17:00:00', '2026-06-10 17:00:00'),
(91, 31, '1428.01', 'Veneer Basah ppc meranti WHN', NULL, 'aktif', 'debet', NULL, '2026-06-10 17:00:00', '2026-06-10 17:00:00'),
(92, 32, '1429.01', 'Veneer Basah ppc sengon WHN', NULL, 'aktif', 'debet', NULL, '2026-06-10 17:00:00', '2026-06-10 17:00:00'),
(93, 35, '1441.01', 'Veneer Kering 260 face/back sengon WHN', NULL, 'aktif', 'debet', NULL, '2026-06-10 17:00:00', '2026-06-10 17:00:00'),
(94, 36, '1442.01', 'Veneer Kering 260 face/back meranti WHN', NULL, 'aktif', 'debet', NULL, '2026-06-10 17:00:00', '2026-06-10 17:00:00'),
(95, 37, '1446.01', 'Veneer Kering 130 core sengon WHN', NULL, 'aktif', 'debet', NULL, '2026-06-10 17:00:00', '2026-06-10 17:00:00'),
(96, 38, '1447.01', 'Veneer Kering 130 core meranti WHN', NULL, 'aktif', 'debet', NULL, '2026-06-10 17:00:00', '2026-06-10 17:00:00'),
(97, 40, '1451.01', 'Veneer Kering ppc meranti WHN', NULL, 'aktif', 'debet', NULL, '2026-06-10 17:00:00', '2026-06-10 17:00:00'),
(98, 41, '1452.01', 'Veneer Kering ppc sengon WHN', NULL, 'aktif', 'debet', NULL, '2026-06-10 17:00:00', '2026-06-10 17:00:00'),
(99, 43, '1461.01', 'Veneer Jadi 260 face/back sengon WHN', NULL, 'aktif', 'debet', NULL, '2026-06-10 17:00:00', '2026-06-10 17:00:00'),
(100, 44, '1462.01', 'Veneer Jadi 260 face/back meranti WHN', NULL, 'aktif', 'debet', NULL, '2026-06-10 17:00:00', '2026-06-10 17:00:00'),
(101, 45, '1466.01', 'Veneer Jadi 130 core sengon WHN', NULL, 'aktif', 'debet', NULL, '2026-06-10 17:00:00', '2026-06-10 17:00:00'),
(102, 46, '1467.01', 'Veneer Jadi 130 core meranti WHN', NULL, 'aktif', 'debet', NULL, '2026-06-10 17:00:00', '2026-06-10 17:00:00'),
(103, 48, '1471.01', 'Veneer Jadi ppc meranti WHN', NULL, 'aktif', 'debet', NULL, '2026-06-10 17:00:00', '2026-06-10 17:00:00'),
(104, 49, '1472.01', 'Veneer Jadi ppc sengon WHN', NULL, 'aktif', 'debet', NULL, '2026-06-10 17:00:00', '2026-06-10 17:00:00'),
(105, 215, '1501.99', 'SAMPAH DI GUDANG  SETRAN', NULL, 'aktif', 'debet', NULL, '2026-06-10 17:00:00', '2026-06-10 17:00:00'),
(106, 51, '1502.01', '1,7fm', NULL, 'aktif', 'debet', NULL, '2026-06-10 17:00:00', '2026-06-10 17:00:00'),
(107, 51, '1502.02', '1,7fm R', NULL, 'aktif', 'debet', NULL, '2026-06-10 17:00:00', '2026-06-10 17:00:00'),
(108, 51, '1502.03', '10m pg', NULL, 'aktif', 'debet', NULL, '2026-06-10 17:00:00', '2026-06-10 17:00:00'),
(109, 51, '1502.04', '115x240x3m', NULL, 'aktif', 'debet', NULL, '2026-06-10 17:00:00', '2026-06-10 17:00:00'),
(110, 51, '1502.05', '11m A', NULL, 'aktif', 'debet', NULL, '2026-06-10 17:00:00', '2026-06-10 17:00:00'),
(111, 51, '1502.06', '120x240x3m', NULL, 'aktif', 'debet', NULL, '2026-06-10 17:00:00', '2026-06-10 17:00:00'),
(112, 51, '1502.07', '122X244X4m R', NULL, 'aktif', 'debet', NULL, '2026-06-10 17:00:00', '2026-06-10 17:00:00'),
(113, 51, '1502.08', '122x244x3m R', NULL, 'aktif', 'debet', NULL, '2026-06-10 17:00:00', '2026-06-10 17:00:00'),
(114, 51, '1502.09', '12fj', NULL, 'aktif', 'debet', NULL, '2026-06-10 17:00:00', '2026-06-10 17:00:00'),
(115, 51, '1502.10', '12fm', NULL, 'aktif', 'debet', NULL, '2026-06-10 17:00:00', '2026-06-10 17:00:00'),
(116, 51, '1502.11', '12fm R', NULL, 'aktif', 'debet', NULL, '2026-06-10 17:00:00', '2026-06-10 17:00:00'),
(117, 51, '1502.12', '12m AA', NULL, 'aktif', 'debet', NULL, '2026-06-10 17:00:00', '2026-06-10 17:00:00'),
(118, 51, '1502.13', '12m NONIK', NULL, 'aktif', 'debet', NULL, '2026-06-10 17:00:00', '2026-06-10 17:00:00'),
(119, 51, '1502.14', '12m R', NULL, 'aktif', 'debet', NULL, '2026-06-10 17:00:00', '2026-06-10 17:00:00'),
(120, 51, '1502.15', '12m better', NULL, 'aktif', 'debet', NULL, '2026-06-10 17:00:00', '2026-06-10 17:00:00'),
(121, 51, '1502.16', '12m better lokal', NULL, 'aktif', 'debet', NULL, '2026-06-10 17:00:00', '2026-06-10 17:00:00'),
(122, 51, '1502.17', '12m better lokal 2', NULL, 'aktif', 'debet', NULL, '2026-06-10 17:00:00', '2026-06-10 17:00:00'),
(123, 51, '1502.18', '12m pg', NULL, 'aktif', 'debet', NULL, '2026-06-10 17:00:00', '2026-06-10 17:00:00'),
(124, 51, '1502.19', '12m uty lokal', NULL, 'aktif', 'debet', NULL, '2026-06-10 17:00:00', '2026-06-10 17:00:00'),
(125, 51, '1502.20', '12m uty lokal (1)', NULL, 'aktif', 'debet', NULL, '2026-06-10 17:00:00', '2026-06-10 17:00:00'),
(126, 51, '1502.21', '12mm film face', NULL, 'aktif', 'debet', NULL, '2026-06-10 17:00:00', '2026-06-10 17:00:00'),
(127, 51, '1502.22', '12s NONIK', NULL, 'aktif', 'debet', NULL, '2026-06-10 17:00:00', '2026-06-10 17:00:00'),
(128, 51, '1502.23', '12s R', NULL, 'aktif', 'debet', NULL, '2026-06-10 17:00:00', '2026-06-10 17:00:00'),
(129, 51, '1502.24', '12s better', NULL, 'aktif', 'debet', NULL, '2026-06-10 17:00:00', '2026-06-10 17:00:00'),
(130, 51, '1502.25', '12s uty lokal', NULL, 'aktif', 'debet', NULL, '2026-06-10 17:00:00', '2026-06-10 17:00:00'),
(131, 51, '1502.26', '13fm dan 14 fm', NULL, 'aktif', 'debet', NULL, '2026-06-10 17:00:00', '2026-06-10 17:00:00'),
(132, 51, '1502.27', '13lvl', NULL, 'aktif', 'debet', NULL, '2026-06-10 17:00:00', '2026-06-10 17:00:00'),
(133, 51, '1502.28', '13m dan 14m', NULL, 'aktif', 'debet', NULL, '2026-06-10 17:00:00', '2026-06-10 17:00:00'),
(134, 51, '1502.29', '15fm', NULL, 'aktif', 'debet', NULL, '2026-06-10 17:00:00', '2026-06-10 17:00:00'),
(135, 51, '1502.30', '15fm R', NULL, 'aktif', 'debet', NULL, '2026-06-10 17:00:00', '2026-06-10 17:00:00'),
(136, 51, '1502.31', '15m AA', NULL, 'aktif', 'debet', NULL, '2026-06-10 17:00:00', '2026-06-10 17:00:00'),
(137, 51, '1502.32', '15m R', NULL, 'aktif', 'debet', NULL, '2026-06-10 17:00:00', '2026-06-10 17:00:00'),
(138, 51, '1502.33', '15m better', NULL, 'aktif', 'debet', NULL, '2026-06-10 17:00:00', '2026-06-10 17:00:00'),
(139, 51, '1502.34', '15m better lokal', NULL, 'aktif', 'debet', NULL, '2026-06-10 17:00:00', '2026-06-10 17:00:00'),
(140, 51, '1502.35', '15m better lokal 2', NULL, 'aktif', 'debet', NULL, '2026-06-10 17:00:00', '2026-06-10 17:00:00'),
(141, 51, '1502.36', '15m better lokal B', NULL, 'aktif', 'debet', NULL, '2026-06-10 17:00:00', '2026-06-10 17:00:00'),
(142, 51, '1502.37', '15m uty lokal', NULL, 'aktif', 'debet', NULL, '2026-06-10 17:00:00', '2026-06-10 17:00:00'),
(143, 51, '1502.38', '15m uty lokal (1)', NULL, 'aktif', 'debet', NULL, '2026-06-10 17:00:00', '2026-06-10 17:00:00'),
(144, 51, '1502.39', '15mbb', NULL, 'aktif', 'debet', NULL, '2026-06-10 17:00:00', '2026-06-10 17:00:00'),
(145, 51, '1502.40', '15mbb A', NULL, 'aktif', 'debet', NULL, '2026-06-10 17:00:00', '2026-06-10 17:00:00'),
(146, 52, '1503.01', '15s better', NULL, 'aktif', 'debet', NULL, '2026-06-10 17:00:00', '2026-06-10 17:00:00'),
(147, 52, '1503.02', '15s uty lokal', NULL, 'aktif', 'debet', NULL, '2026-06-10 17:00:00', '2026-06-10 17:00:00'),
(148, 52, '1503.03', '15sbb', NULL, 'aktif', 'debet', NULL, '2026-06-10 17:00:00', '2026-06-10 17:00:00'),
(149, 52, '1503.04', '16m better', NULL, 'aktif', 'debet', NULL, '2026-06-10 17:00:00', '2026-06-10 17:00:00'),
(150, 52, '1503.05', '16sbb', NULL, 'aktif', 'debet', NULL, '2026-06-10 17:00:00', '2026-06-10 17:00:00'),
(151, 52, '1503.06', '17 fm', NULL, 'aktif', 'debet', NULL, '2026-06-10 17:00:00', '2026-06-10 17:00:00'),
(152, 52, '1503.07', '18fj', NULL, 'aktif', 'debet', NULL, '2026-06-10 17:00:00', '2026-06-10 17:00:00'),
(153, 52, '1503.08', '18fj R', NULL, 'aktif', 'debet', NULL, '2026-06-10 17:00:00', '2026-06-10 17:00:00'),
(154, 52, '1503.09', '18fm', NULL, 'aktif', 'debet', NULL, '2026-06-10 17:00:00', '2026-06-10 17:00:00'),
(155, 52, '1503.10', '18fm R', NULL, 'aktif', 'debet', NULL, '2026-06-10 17:00:00', '2026-06-10 17:00:00'),
(156, 52, '1503.11', '18fmbb', NULL, 'aktif', 'debet', NULL, '2026-06-10 17:00:00', '2026-06-10 17:00:00'),
(157, 52, '1503.12', '18m AA', NULL, 'aktif', 'debet', NULL, '2026-06-10 17:00:00', '2026-06-10 17:00:00'),
(158, 52, '1503.13', '18m R', NULL, 'aktif', 'debet', NULL, '2026-06-10 17:00:00', '2026-06-10 17:00:00'),
(159, 52, '1503.14', '18m better', NULL, 'aktif', 'debet', NULL, '2026-06-10 17:00:00', '2026-06-10 17:00:00'),
(160, 52, '1503.15', '18m better lokal', NULL, 'aktif', 'debet', NULL, '2026-06-10 17:00:00', '2026-06-10 17:00:00'),
(161, 52, '1503.16', '18m better lokal 2', NULL, 'aktif', 'debet', NULL, '2026-06-10 17:00:00', '2026-06-10 17:00:00'),
(162, 52, '1503.17', '18m better lokal B', NULL, 'aktif', 'debet', NULL, '2026-06-10 17:00:00', '2026-06-10 17:00:00'),
(163, 52, '1503.18', '18m uty lokal', NULL, 'aktif', 'debet', NULL, '2026-06-10 17:00:00', '2026-06-10 17:00:00'),
(164, 52, '1503.19', '18m uty lokal (1)', NULL, 'aktif', 'debet', NULL, '2026-06-10 17:00:00', '2026-06-10 17:00:00'),
(165, 52, '1503.20', '18mbb', NULL, 'aktif', 'debet', NULL, '2026-06-10 17:00:00', '2026-06-10 17:00:00'),
(166, 52, '1503.21', '18mbb (k)', NULL, 'aktif', 'debet', NULL, '2026-06-10 17:00:00', '2026-06-10 17:00:00'),
(167, 52, '1503.22', '18mbb 1sisi', NULL, 'aktif', 'debet', NULL, '2026-06-10 17:00:00', '2026-06-10 17:00:00'),
(168, 52, '1503.23', '18mbb R', NULL, 'aktif', 'debet', NULL, '2026-06-10 17:00:00', '2026-06-10 17:00:00'),
(169, 52, '1503.24', '18s R', NULL, 'aktif', 'debet', NULL, '2026-06-10 17:00:00', '2026-06-10 17:00:00'),
(170, 52, '1503.25', '18s better', NULL, 'aktif', 'debet', NULL, '2026-06-10 17:00:00', '2026-06-10 17:00:00'),
(171, 52, '1503.26', '18s uty lokal', NULL, 'aktif', 'debet', NULL, '2026-06-10 17:00:00', '2026-06-10 17:00:00'),
(172, 52, '1503.27', '18sbb', NULL, 'aktif', 'debet', NULL, '2026-06-10 17:00:00', '2026-06-10 17:00:00'),
(173, 52, '1503.28', '19 fm', NULL, 'aktif', 'debet', NULL, '2026-06-10 17:00:00', '2026-06-10 17:00:00'),
(174, 52, '1503.29', '2,2fm', NULL, 'aktif', 'debet', NULL, '2026-06-10 17:00:00', '2026-06-10 17:00:00'),
(175, 52, '1503.30', '2,2fm R', NULL, 'aktif', 'debet', NULL, '2026-06-10 17:00:00', '2026-06-10 17:00:00'),
(176, 52, '1503.31', '2,5fm', NULL, 'aktif', 'debet', NULL, '2026-06-10 17:00:00', '2026-06-10 17:00:00'),
(177, 52, '1503.32', '2,5fm R', NULL, 'aktif', 'debet', NULL, '2026-06-10 17:00:00', '2026-06-10 17:00:00'),
(178, 52, '1503.33', '2.7s R', NULL, 'aktif', 'debet', NULL, '2026-06-10 17:00:00', '2026-06-10 17:00:00'),
(179, 52, '1503.34', '20fm', NULL, 'aktif', 'debet', NULL, '2026-06-10 17:00:00', '2026-06-10 17:00:00'),
(180, 52, '1503.35', '20fm R', NULL, 'aktif', 'debet', NULL, '2026-06-10 17:00:00', '2026-06-10 17:00:00'),
(181, 52, '1503.36', '20m', NULL, 'aktif', 'debet', NULL, '2026-06-10 17:00:00', '2026-06-10 17:00:00'),
(182, 52, '1503.37', '21 fm', NULL, 'aktif', 'debet', NULL, '2026-06-10 17:00:00', '2026-06-10 17:00:00'),
(183, 52, '1503.38', '22 fm', NULL, 'aktif', 'debet', NULL, '2026-06-10 17:00:00', '2026-06-10 17:00:00'),
(184, 52, '1503.39', '22fm R', NULL, 'aktif', 'debet', NULL, '2026-06-10 17:00:00', '2026-06-10 17:00:00'),
(185, 52, '1503.40', '24fm', NULL, 'aktif', 'debet', NULL, '2026-06-10 17:00:00', '2026-06-10 17:00:00'),
(186, 52, '1503.41', '25fm', NULL, 'aktif', 'debet', NULL, '2026-06-10 17:00:00', '2026-06-10 17:00:00'),
(187, 52, '1503.42', '2fm rijek', NULL, 'aktif', 'debet', NULL, '2026-06-10 17:00:00', '2026-06-10 17:00:00'),
(188, 52, '1503.43', '2s', NULL, 'aktif', 'debet', NULL, '2026-06-10 17:00:00', '2026-06-10 17:00:00'),
(189, 52, '1503.44', '3X7x5s', NULL, 'aktif', 'debet', NULL, '2026-06-10 17:00:00', '2026-06-10 17:00:00'),
(190, 52, '1503.45', '3fm', NULL, 'aktif', 'debet', NULL, '2026-06-10 17:00:00', '2026-06-10 17:00:00'),
(191, 52, '1503.46', '3fm R', NULL, 'aktif', 'debet', NULL, '2026-06-10 17:00:00', '2026-06-10 17:00:00'),
(192, 52, '1503.47', '3m R', NULL, 'aktif', 'debet', NULL, '2026-06-10 17:00:00', '2026-06-10 17:00:00'),
(193, 52, '1503.48', '3m better', NULL, 'aktif', 'debet', NULL, '2026-06-10 17:00:00', '2026-06-10 17:00:00'),
(194, 52, '1503.49', '3m uty lokal', NULL, 'aktif', 'debet', NULL, '2026-06-10 17:00:00', '2026-06-10 17:00:00'),
(195, 52, '1503.50', '3s R', NULL, 'aktif', 'debet', NULL, '2026-06-10 17:00:00', '2026-06-10 17:00:00'),
(196, 52, '1503.51', '3s better', NULL, 'aktif', 'debet', NULL, '2026-06-10 17:00:00', '2026-06-10 17:00:00'),
(197, 52, '1503.52', '3s uty lokal', NULL, 'aktif', 'debet', NULL, '2026-06-10 17:00:00', '2026-06-10 17:00:00'),
(198, 52, '1503.53', '3x7x3s', NULL, 'aktif', 'debet', NULL, '2026-06-10 17:00:00', '2026-06-10 17:00:00'),
(199, 52, '1503.54', '4,6 flexi R', NULL, 'aktif', 'debet', NULL, '2026-06-10 17:00:00', '2026-06-10 17:00:00'),
(200, 52, '1503.55', '4,6 x 21,4 x 0,7', NULL, 'aktif', 'debet', NULL, '2026-06-10 17:00:00', '2026-06-10 17:00:00'),
(201, 52, '1503.56', '44,5x47x2lps', NULL, 'aktif', 'debet', NULL, '2026-06-10 17:00:00', '2026-06-10 17:00:00'),
(202, 52, '1503.57', '45,7x38x2lp', NULL, 'aktif', 'debet', NULL, '2026-06-10 17:00:00', '2026-06-10 17:00:00'),
(203, 52, '1503.58', '45,7x43,3x2 (tgk mas)', NULL, 'aktif', 'debet', NULL, '2026-06-10 17:00:00', '2026-06-10 17:00:00'),
(204, 52, '1503.59', '45,9x45,7x2 (tgk mas)', NULL, 'aktif', 'debet', NULL, '2026-06-10 17:00:00', '2026-06-10 17:00:00'),
(205, 52, '1503.60', '45x45 2lps', NULL, 'aktif', 'debet', NULL, '2026-06-10 17:00:00', '2026-06-10 17:00:00'),
(206, 52, '1503.61', '4fm', NULL, 'aktif', 'debet', NULL, '2026-06-10 17:00:00', '2026-06-10 17:00:00'),
(207, 52, '1503.62', '4fm R', NULL, 'aktif', 'debet', NULL, '2026-06-10 17:00:00', '2026-06-10 17:00:00'),
(208, 52, '1503.63', '4m R', NULL, 'aktif', 'debet', NULL, '2026-06-10 17:00:00', '2026-06-10 17:00:00'),
(209, 52, '1503.64', '4m better', NULL, 'aktif', 'debet', NULL, '2026-06-10 17:00:00', '2026-06-10 17:00:00'),
(210, 52, '1503.65', '4m uty lokal', NULL, 'aktif', 'debet', NULL, '2026-06-10 17:00:00', '2026-06-10 17:00:00'),
(211, 52, '1503.66', '4s R', NULL, 'aktif', 'debet', NULL, '2026-06-10 17:00:00', '2026-06-10 17:00:00'),
(212, 52, '1503.67', '4s better', NULL, 'aktif', 'debet', NULL, '2026-06-10 17:00:00', '2026-06-10 17:00:00'),
(213, 52, '1503.68', '4s uty lokal', NULL, 'aktif', 'debet', NULL, '2026-06-10 17:00:00', '2026-06-10 17:00:00'),
(214, 52, '1503.69', '5fm', NULL, 'aktif', 'debet', NULL, '2026-06-10 17:00:00', '2026-06-10 17:00:00'),
(215, 52, '1503.70', '5fm R', NULL, 'aktif', 'debet', NULL, '2026-06-10 17:00:00', '2026-06-10 17:00:00'),
(216, 52, '1503.71', '5m R', NULL, 'aktif', 'debet', NULL, '2026-06-10 17:00:00', '2026-06-10 17:00:00'),
(217, 52, '1503.72', '5m better', NULL, 'aktif', 'debet', NULL, '2026-06-10 17:00:00', '2026-06-10 17:00:00'),
(218, 52, '1503.73', '5m better lokal', NULL, 'aktif', 'debet', NULL, '2026-06-10 17:00:00', '2026-06-10 17:00:00'),
(219, 52, '1503.74', '5m uty lokal', NULL, 'aktif', 'debet', NULL, '2026-06-10 17:00:00', '2026-06-10 17:00:00'),
(220, 52, '1503.75', '5s Flexy Vertikal', NULL, 'aktif', 'debet', NULL, '2026-06-10 17:00:00', '2026-06-10 17:00:00'),
(221, 52, '1503.76', '5s R', NULL, 'aktif', 'debet', NULL, '2026-06-10 17:00:00', '2026-06-10 17:00:00'),
(222, 52, '1503.77', '5s better', NULL, 'aktif', 'debet', NULL, '2026-06-10 17:00:00', '2026-06-10 17:00:00'),
(223, 52, '1503.78', '5s contoh', NULL, 'aktif', 'debet', NULL, '2026-06-10 17:00:00', '2026-06-10 17:00:00'),
(224, 52, '1503.79', '5s uty lokal', NULL, 'aktif', 'debet', NULL, '2026-06-10 17:00:00', '2026-06-10 17:00:00'),
(225, 52, '1503.80', '62x51x2lp (psr)', NULL, 'aktif', 'debet', NULL, '2026-06-10 17:00:00', '2026-06-10 17:00:00'),
(226, 52, '1503.81', '62x51x3lp(asia)', NULL, 'aktif', 'debet', NULL, '2026-06-10 17:00:00', '2026-06-10 17:00:00'),
(227, 52, '1503.82', '6fm', NULL, 'aktif', 'debet', NULL, '2026-06-10 17:00:00', '2026-06-10 17:00:00'),
(228, 52, '1503.83', '6fm R', NULL, 'aktif', 'debet', NULL, '2026-06-10 17:00:00', '2026-06-10 17:00:00'),
(229, 52, '1503.84', '6m R', NULL, 'aktif', 'debet', NULL, '2026-06-10 17:00:00', '2026-06-10 17:00:00'),
(230, 52, '1503.85', '6m better', NULL, 'aktif', 'debet', NULL, '2026-06-10 17:00:00', '2026-06-10 17:00:00'),
(231, 52, '1503.86', '6m uty lokal', NULL, 'aktif', 'debet', NULL, '2026-06-10 17:00:00', '2026-06-10 17:00:00'),
(232, 52, '1503.87', '6s better', NULL, 'aktif', 'debet', NULL, '2026-06-10 17:00:00', '2026-06-10 17:00:00'),
(233, 52, '1503.88', '70x73 18fm', NULL, 'aktif', 'debet', NULL, '2026-06-10 17:00:00', '2026-06-10 17:00:00'),
(234, 52, '1503.89', '8fm', NULL, 'aktif', 'debet', NULL, '2026-06-10 17:00:00', '2026-06-10 17:00:00'),
(235, 52, '1503.90', '8m AA', NULL, 'aktif', 'debet', NULL, '2026-06-10 17:00:00', '2026-06-10 17:00:00'),
(236, 52, '1503.91', '8m R', NULL, 'aktif', 'debet', NULL, '2026-06-10 17:00:00', '2026-06-10 17:00:00'),
(237, 52, '1503.92', '8m better', NULL, 'aktif', 'debet', NULL, '2026-06-10 17:00:00', '2026-06-10 17:00:00'),
(238, 52, '1503.93', '8m better lokal', NULL, 'aktif', 'debet', NULL, '2026-06-10 17:00:00', '2026-06-10 17:00:00'),
(239, 52, '1503.94', '8m better lokal 2', NULL, 'aktif', 'debet', NULL, '2026-06-10 17:00:00', '2026-06-10 17:00:00'),
(240, 52, '1503.95', '8m uty', NULL, 'aktif', 'debet', NULL, '2026-06-10 17:00:00', '2026-06-10 17:00:00'),
(241, 52, '1503.96', '8m uty lokal (k)', NULL, 'aktif', 'debet', NULL, '2026-06-10 17:00:00', '2026-06-10 17:00:00'),
(242, 52, '1503.97', '8mm film face', NULL, 'aktif', 'debet', NULL, '2026-06-10 17:00:00', '2026-06-10 17:00:00'),
(243, 52, '1503.98', '8s (k)', NULL, 'aktif', 'debet', NULL, '2026-06-10 17:00:00', '2026-06-10 17:00:00'),
(244, 52, '1503.99', '8s Flexy Vertikal', NULL, 'aktif', 'debet', NULL, '2026-06-10 17:00:00', '2026-06-10 17:00:00'),
(245, 53, '1504.01', '8s PG', NULL, 'aktif', 'debet', NULL, '2026-06-10 17:00:00', '2026-06-10 17:00:00'),
(246, 53, '1504.02', '8s R', NULL, 'aktif', 'debet', NULL, '2026-06-10 17:00:00', '2026-06-10 17:00:00'),
(247, 53, '1504.03', '8s better', NULL, 'aktif', 'debet', NULL, '2026-06-10 17:00:00', '2026-06-10 17:00:00'),
(248, 53, '1504.04', '8s better ekspor', NULL, 'aktif', 'debet', NULL, '2026-06-10 17:00:00', '2026-06-10 17:00:00'),
(249, 53, '1504.05', '8s flexi', NULL, 'aktif', 'debet', NULL, '2026-06-10 17:00:00', '2026-06-10 17:00:00'),
(250, 53, '1504.06', '8s uty', NULL, 'aktif', 'debet', NULL, '2026-06-10 17:00:00', '2026-06-10 17:00:00'),
(251, 53, '1504.07', '8s uty ekspor', NULL, 'aktif', 'debet', NULL, '2026-06-10 17:00:00', '2026-06-10 17:00:00'),
(252, 53, '1504.08', '9fm', NULL, 'aktif', 'debet', NULL, '2026-06-10 17:00:00', '2026-06-10 17:00:00'),
(253, 53, '1504.09', '9fm A', NULL, 'aktif', 'debet', NULL, '2026-06-10 17:00:00', '2026-06-10 17:00:00'),
(254, 53, '1504.10', '9fm R', NULL, 'aktif', 'debet', NULL, '2026-06-10 17:00:00', '2026-06-10 17:00:00'),
(255, 53, '1504.11', '9m AA', NULL, 'aktif', 'debet', NULL, '2026-06-10 17:00:00', '2026-06-10 17:00:00'),
(256, 53, '1504.12', '9m R', NULL, 'aktif', 'debet', NULL, '2026-06-10 17:00:00', '2026-06-10 17:00:00'),
(257, 53, '1504.13', '9m aj', NULL, 'aktif', 'debet', NULL, '2026-06-10 17:00:00', '2026-06-10 17:00:00'),
(258, 53, '1504.14', '9m better', NULL, 'aktif', 'debet', NULL, '2026-06-10 17:00:00', '2026-06-10 17:00:00'),
(259, 53, '1504.15', '9m better lokal', NULL, 'aktif', 'debet', NULL, '2026-06-10 17:00:00', '2026-06-10 17:00:00'),
(260, 53, '1504.16', '9m uty', NULL, 'aktif', 'debet', NULL, '2026-06-10 17:00:00', '2026-06-10 17:00:00'),
(261, 53, '1504.17', '9m uty lokal (k)', NULL, 'aktif', 'debet', NULL, '2026-06-10 17:00:00', '2026-06-10 17:00:00'),
(262, 53, '1504.18', '9m yosep', NULL, 'aktif', 'debet', NULL, '2026-06-10 17:00:00', '2026-06-10 17:00:00'),
(263, 53, '1504.19', '9mm film face', NULL, 'aktif', 'debet', NULL, '2026-06-10 17:00:00', '2026-06-10 17:00:00'),
(264, 53, '1504.20', '9s Aj', NULL, 'aktif', 'debet', NULL, '2026-06-10 17:00:00', '2026-06-10 17:00:00'),
(265, 54, '1505.01', '9s better', NULL, 'aktif', 'debet', NULL, '2026-06-10 17:00:00', '2026-06-10 17:00:00'),
(266, 54, '1505.02', '9s uty lokal', NULL, 'aktif', 'debet', NULL, '2026-06-10 17:00:00', '2026-06-10 17:00:00'),
(267, 54, '1505.03', 'Platform 18 fm', NULL, 'aktif', 'debet', NULL, '2026-06-10 17:00:00', '2026-06-10 17:00:00'),
(268, 54, '1505.04', 'Platform 18 s', NULL, 'aktif', 'debet', NULL, '2026-06-10 17:00:00', '2026-06-10 17:00:00'),
(269, 54, '1505.05', 'Platform 18mbb', NULL, 'aktif', 'debet', NULL, '2026-06-10 17:00:00', '2026-06-10 17:00:00'),
(270, 54, '1505.06', 'Platform 8 R', NULL, 'aktif', 'debet', NULL, '2026-06-10 17:00:00', '2026-06-10 17:00:00'),
(271, 54, '1505.07', 'Platform 8 s', NULL, 'aktif', 'debet', NULL, '2026-06-10 17:00:00', '2026-06-10 17:00:00'),
(272, 54, '1505.08', 'TACO HPL TH 130 AA', NULL, 'aktif', 'debet', NULL, '2026-06-10 17:00:00', '2026-06-10 17:00:00'),
(273, 54, '1505.09', 'Taco HPL 105', NULL, 'aktif', 'debet', NULL, '2026-06-10 17:00:00', '2026-06-10 17:00:00'),
(274, 54, '1505.10', 'Taco HPL 123', NULL, 'aktif', 'debet', NULL, '2026-06-10 17:00:00', '2026-06-10 17:00:00'),
(275, 54, '1505.11', 'Taco HPL TH 026 AA', NULL, 'aktif', 'debet', NULL, '2026-06-10 17:00:00', '2026-06-10 17:00:00'),
(276, 54, '1505.12', 'blokmin 15mm doff', NULL, 'aktif', 'debet', NULL, '2026-06-10 17:00:00', '2026-06-10 17:00:00'),
(277, 54, '1505.13', 'blokmin 15mm glossy', NULL, 'aktif', 'debet', NULL, '2026-06-10 17:00:00', '2026-06-10 17:00:00'),
(278, 54, '1505.14', 'blokmin 18mm doff', NULL, 'aktif', 'debet', NULL, '2026-06-10 17:00:00', '2026-06-10 17:00:00'),
(279, 54, '1505.15', 'blokmin 18mm doff 2 sisi', NULL, 'aktif', 'debet', NULL, '2026-06-10 17:00:00', '2026-06-10 17:00:00'),
(280, 54, '1505.16', 'blokmin 18mm glossy', NULL, 'aktif', 'debet', NULL, '2026-06-10 17:00:00', '2026-06-10 17:00:00'),
(281, 54, '1505.17', 'd 5.1', NULL, 'aktif', 'debet', NULL, '2026-06-10 17:00:00', '2026-06-10 17:00:00'),
(282, 54, '1505.18', 'logcore 100x6x6', NULL, 'aktif', 'debet', NULL, '2026-06-10 17:00:00', '2026-06-10 17:00:00'),
(283, 54, '1505.19', 'meisho', NULL, 'aktif', 'debet', NULL, '2026-06-10 17:00:00', '2026-06-10 17:00:00'),
(284, 54, '1505.20', 'trimin 12mm doff', NULL, 'aktif', 'debet', NULL, '2026-06-10 17:00:00', '2026-06-10 17:00:00'),
(285, 54, '1505.21', 'trimin 15mm doff', NULL, 'aktif', 'debet', NULL, '2026-06-10 17:00:00', '2026-06-10 17:00:00'),
(286, 54, '1505.22', 'trimin 18mm doff', NULL, 'aktif', 'debet', NULL, '2026-06-10 17:00:00', '2026-06-10 17:00:00'),
(287, 54, '1505.23', 'trimin 9mm doff', NULL, 'aktif', 'debet', NULL, '2026-06-10 17:00:00', '2026-06-10 17:00:00'),
(288, 54, '1505.24', 'triplek 2.7', NULL, 'aktif', 'debet', NULL, '2026-06-10 17:00:00', '2026-06-10 17:00:00'),
(289, 54, '1505.25', 'triplek 2.7 flexi', NULL, 'aktif', 'debet', NULL, '2026-06-10 17:00:00', '2026-06-10 17:00:00'),
(290, 54, '1505.26', 'triplek 2.9 flexi', NULL, 'aktif', 'debet', NULL, '2026-06-10 17:00:00', '2026-06-10 17:00:00'),
(291, 54, '1505.27', 'triplek 3.4', NULL, 'aktif', 'debet', NULL, '2026-06-10 17:00:00', '2026-06-10 17:00:00'),
(292, 54, '1505.28', 'triplek 3.6', NULL, 'aktif', 'debet', NULL, '2026-06-10 17:00:00', '2026-06-10 17:00:00'),
(293, 54, '1505.29', 'triplek 4.5 flexi', NULL, 'aktif', 'debet', NULL, '2026-06-10 17:00:00', '2026-06-10 17:00:00'),
(294, 54, '1505.30', 'triplek 4.6 flexi', NULL, 'aktif', 'debet', NULL, '2026-06-10 17:00:00', '2026-06-10 17:00:00'),
(295, 54, '1505.31', 'triplek 4.9 flexi', NULL, 'aktif', 'debet', NULL, '2026-06-10 17:00:00', '2026-06-10 17:00:00'),
(296, 54, '1505.32', 'triplek 7.5', NULL, 'aktif', 'debet', NULL, '2026-06-10 17:00:00', '2026-06-10 17:00:00'),
(297, 54, '1505.33', 'triplek 7.5 flexi', NULL, 'aktif', 'debet', NULL, '2026-06-10 17:00:00', '2026-06-10 17:00:00'),
(298, 54, '1505.34', 'platform 19m better', NULL, 'aktif', 'debet', NULL, '2026-06-10 17:00:00', '2026-06-10 17:00:00'),
(299, 54, '1505.35', '9s PG', NULL, 'aktif', 'debet', NULL, '2026-06-10 17:00:00', '2026-06-10 17:00:00'),
(300, 54, '1505.36', '12s aj', NULL, 'aktif', 'debet', NULL, '2026-06-10 17:00:00', '2026-06-10 17:00:00'),
(301, 54, '1505.37', '15s aj', NULL, 'aktif', 'debet', NULL, '2026-06-10 17:00:00', '2026-06-10 17:00:00'),
(302, 54, '1505.38', '18s aj', NULL, 'aktif', 'debet', NULL, '2026-06-10 17:00:00', '2026-06-10 17:00:00'),
(303, 54, '1505.39', '15m fj', NULL, 'aktif', 'debet', NULL, '2026-06-10 17:00:00', '2026-06-10 17:00:00'),
(304, 54, '1505.40', '8s aj', NULL, 'aktif', 'debet', NULL, '2026-06-10 17:00:00', '2026-06-10 17:00:00'),
(305, 54, '1505.41', '15m aj', NULL, 'aktif', 'debet', NULL, '2026-06-10 17:00:00', '2026-06-10 17:00:00'),
(306, 54, '1505.42', '18m aj', NULL, 'aktif', 'debet', NULL, '2026-06-10 17:00:00', '2026-06-10 17:00:00'),
(307, 54, '1505.43', '15m aj R', NULL, 'aktif', 'debet', NULL, '2026-06-10 17:00:00', '2026-06-10 17:00:00'),
(308, 54, '1505.44', '8m pg', NULL, 'aktif', 'debet', NULL, '2026-06-10 17:00:00', '2026-06-10 17:00:00'),
(309, 54, '1505.45', '47x44.5x2 lp', NULL, 'aktif', 'debet', NULL, '2026-06-10 17:00:00', '2026-06-10 17:00:00'),
(310, 54, '1505.46', '47x44.5x3 lp', NULL, 'aktif', 'debet', NULL, '2026-06-10 17:00:00', '2026-06-10 17:00:00'),
(311, 55, '1506.01', '110x70x2 lp MTH', NULL, 'aktif', 'debet', NULL, '2026-06-10 17:00:00', '2026-06-10 17:00:00'),
(312, 55, '1506.02', '110x70x3 lp MTH', NULL, 'aktif', 'debet', NULL, '2026-06-10 17:00:00', '2026-06-10 17:00:00'),
(313, 55, '1506.03', '45x45x2 lp MTH', NULL, 'aktif', 'debet', NULL, '2026-06-10 17:00:00', '2026-06-10 17:00:00'),
(314, 55, '1506.04', '12fm mentah MTH', NULL, 'aktif', 'debet', NULL, '2026-06-10 17:00:00', '2026-06-10 17:00:00'),
(315, 55, '1506.05', '12m better MTH', NULL, 'aktif', 'debet', NULL, '2026-06-10 17:00:00', '2026-06-10 17:00:00'),
(316, 55, '1506.06', '12m better lokal MTH', NULL, 'aktif', 'debet', NULL, '2026-06-10 17:00:00', '2026-06-10 17:00:00'),
(317, 55, '1506.07', '12m pg MTH', NULL, 'aktif', 'debet', NULL, '2026-06-10 17:00:00', '2026-06-10 17:00:00'),
(318, 55, '1506.08', '62x51x2 lp MTH', NULL, 'aktif', 'debet', NULL, '2026-06-10 17:00:00', '2026-06-10 17:00:00'),
(319, 55, '1506.09', '15fm MTH', NULL, 'aktif', 'debet', NULL, '2026-06-10 17:00:00', '2026-06-10 17:00:00'),
(320, 55, '1506.10', '15m better MTH', NULL, 'aktif', 'debet', NULL, '2026-06-10 17:00:00', '2026-06-10 17:00:00'),
(321, 55, '1506.11', '15m better lokal MTH', NULL, 'aktif', 'debet', NULL, '2026-06-10 17:00:00', '2026-06-10 17:00:00'),
(322, 55, '1506.12', '15m uty lokal MTH', NULL, 'aktif', 'debet', NULL, '2026-06-10 17:00:00', '2026-06-10 17:00:00'),
(323, 55, '1506.13', '15s uty lokal MTH', NULL, 'aktif', 'debet', NULL, '2026-06-10 17:00:00', '2026-06-10 17:00:00'),
(324, 55, '1506.14', '15s aj MTH', NULL, 'aktif', 'debet', NULL, '2026-06-10 17:00:00', '2026-06-10 17:00:00'),
(325, 55, '1506.15', '18fm MTH', NULL, 'aktif', 'debet', NULL, '2026-06-10 17:00:00', '2026-06-10 17:00:00'),
(326, 55, '1506.16', '18m better MTH', NULL, 'aktif', 'debet', NULL, '2026-06-10 17:00:00', '2026-06-10 17:00:00'),
(327, 55, '1506.17', '18m better lokal MTH', NULL, 'aktif', 'debet', NULL, '2026-06-10 17:00:00', '2026-06-10 17:00:00'),
(328, 55, '1506.18', '18m uty lokal MTH', NULL, 'aktif', 'debet', NULL, '2026-06-10 17:00:00', '2026-06-10 17:00:00'),
(329, 55, '1506.19', '18s aj MTH', NULL, 'aktif', 'debet', NULL, '2026-06-10 17:00:00', '2026-06-10 17:00:00'),
(330, 55, '1506.20', '3 flexi MTH', NULL, 'aktif', 'debet', NULL, '2026-06-10 17:00:00', '2026-06-10 17:00:00'),
(331, 55, '1506.21', '3m uty lokal MTH', NULL, 'aktif', 'debet', NULL, '2026-06-10 17:00:00', '2026-06-10 17:00:00'),
(332, 55, '1506.22', '4m better MTH', NULL, 'aktif', 'debet', NULL, '2026-06-10 17:00:00', '2026-06-10 17:00:00'),
(333, 55, '1506.23', '5m better MTH', NULL, 'aktif', 'debet', NULL, '2026-06-10 17:00:00', '2026-06-10 17:00:00'),
(334, 55, '1506.24', '5 flexi MTH', NULL, 'aktif', 'debet', NULL, '2026-06-10 17:00:00', '2026-06-10 17:00:00'),
(335, 55, '1506.25', '5s rijek MTH', NULL, 'aktif', 'debet', NULL, '2026-06-10 17:00:00', '2026-06-10 17:00:00'),
(336, 55, '1506.26', '5s uty lokal MTH', NULL, 'aktif', 'debet', NULL, '2026-06-10 17:00:00', '2026-06-10 17:00:00'),
(337, 55, '1506.27', '6m better MTH', NULL, 'aktif', 'debet', NULL, '2026-06-10 17:00:00', '2026-06-10 17:00:00'),
(338, 55, '1506.28', '8m better MTH', NULL, 'aktif', 'debet', NULL, '2026-06-10 17:00:00', '2026-06-10 17:00:00'),
(339, 55, '1506.29', '8m better lokal MTH', NULL, 'aktif', 'debet', NULL, '2026-06-10 17:00:00', '2026-06-10 17:00:00'),
(340, 55, '1506.30', '8s uty lokal MTH', NULL, 'aktif', 'debet', NULL, '2026-06-10 17:00:00', '2026-06-10 17:00:00'),
(341, 55, '1506.31', '8s aj MTH', NULL, 'aktif', 'debet', NULL, '2026-06-10 17:00:00', '2026-06-10 17:00:00'),
(342, 55, '1506.32', '9m better MTH', NULL, 'aktif', 'debet', NULL, '2026-06-10 17:00:00', '2026-06-10 17:00:00'),
(343, 55, '1506.33', '9m better lokal MTH', NULL, 'aktif', 'debet', NULL, '2026-06-10 17:00:00', '2026-06-10 17:00:00'),
(344, 55, '1506.34', '9m aj MTH', NULL, 'aktif', 'debet', NULL, '2026-06-10 17:00:00', '2026-06-10 17:00:00'),
(345, 55, '1506.35', '9fm MTH', NULL, 'aktif', 'debet', NULL, '2026-06-10 17:00:00', '2026-06-10 17:00:00'),
(346, 55, '1506.36', '9m pg MTH', NULL, 'aktif', 'debet', NULL, '2026-06-10 17:00:00', '2026-06-10 17:00:00'),
(347, 55, '1506.37', '100x100x2 lps MTH WJY', NULL, 'aktif', 'debet', NULL, '2026-06-10 17:00:00', '2026-06-10 17:00:00'),
(348, 55, '1506.38', '100x100x3 lps MTH WJY', NULL, 'aktif', 'debet', NULL, '2026-06-10 17:00:00', '2026-06-10 17:00:00'),
(349, 55, '1506.39', 'platform 6 better MTH', NULL, 'aktif', 'debet', NULL, '2026-06-10 17:00:00', '2026-06-10 17:00:00'),
(350, 55, '1506.40', 'platform 12 better MTH', NULL, 'aktif', 'debet', NULL, '2026-06-10 17:00:00', '2026-06-10 17:00:00'),
(351, 55, '1506.41', 'platform 12 better lokal MTH', NULL, 'aktif', 'debet', NULL, '2026-06-10 17:00:00', '2026-06-10 17:00:00'),
(352, 55, '1506.42', 'platform 12 pg MTH', NULL, 'aktif', 'debet', NULL, '2026-06-10 17:00:00', '2026-06-10 17:00:00'),
(353, 55, '1506.43', 'platform 12 aj MTH', NULL, 'aktif', 'debet', NULL, '2026-06-10 17:00:00', '2026-06-10 17:00:00'),
(354, 55, '1506.44', 'platform 15fm MTH', NULL, 'aktif', 'debet', NULL, '2026-06-10 17:00:00', '2026-06-10 17:00:00'),
(355, 55, '1506.45', 'platform 15 better MTH', NULL, 'aktif', 'debet', NULL, '2026-06-10 17:00:00', '2026-06-10 17:00:00'),
(356, 55, '1506.46', 'platform 15 pg MTH', NULL, 'aktif', 'debet', NULL, '2026-06-10 17:00:00', '2026-06-10 17:00:00'),
(357, 55, '1506.47', 'platform 15 uty lokal MTH', NULL, 'aktif', 'debet', NULL, '2026-06-10 17:00:00', '2026-06-10 17:00:00'),
(358, 55, '1506.48', 'platform 18fm MTH', NULL, 'aktif', 'debet', NULL, '2026-06-10 17:00:00', '2026-06-10 17:00:00'),
(359, 55, '1506.49', 'platform 18 better MTH', NULL, 'aktif', 'debet', NULL, '2026-06-10 17:00:00', '2026-06-10 17:00:00'),
(360, 55, '1506.50', 'platform 18 better lokal MTH', NULL, 'aktif', 'debet', NULL, '2026-06-10 17:00:00', '2026-06-10 17:00:00'),
(361, 55, '1506.51', 'platform 18 aj MTH', NULL, 'aktif', 'debet', NULL, '2026-06-10 17:00:00', '2026-06-10 17:00:00'),
(362, 55, '1506.52', 'platform 20 better MTH', NULL, 'aktif', 'debet', NULL, '2026-06-10 17:00:00', '2026-06-10 17:00:00'),
(363, 55, '1506.53', 'platform 20fm MTH', NULL, 'aktif', 'debet', NULL, '2026-06-10 17:00:00', '2026-06-10 17:00:00'),
(364, 55, '1506.54', 'platform 5 better MTH', NULL, 'aktif', 'debet', NULL, '2026-06-10 17:00:00', '2026-06-10 17:00:00'),
(365, 55, '1506.55', 'platform 5fm MTH', NULL, 'aktif', 'debet', NULL, '2026-06-10 17:00:00', '2026-06-10 17:00:00'),
(366, 55, '1506.56', 'platform 8 better MTH', NULL, 'aktif', 'debet', NULL, '2026-06-10 17:00:00', '2026-06-10 17:00:00'),
(367, 55, '1506.57', 'platform 8 better lokal MTH', NULL, 'aktif', 'debet', NULL, '2026-06-10 17:00:00', '2026-06-10 17:00:00'),
(368, 55, '1506.58', 'platform 8 uty lokal MTH', NULL, 'aktif', 'debet', NULL, '2026-06-10 17:00:00', '2026-06-10 17:00:00'),
(369, 55, '1506.59', 'platform 8 aj MTH', NULL, 'aktif', 'debet', NULL, '2026-06-10 17:00:00', '2026-06-10 17:00:00'),
(370, 55, '1506.60', 'platform 8 pg MTH', NULL, 'aktif', 'debet', NULL, '2026-06-10 17:00:00', '2026-06-10 17:00:00'),
(371, 55, '1506.61', 'platform 9 better MTH', NULL, 'aktif', 'debet', NULL, '2026-06-10 17:00:00', '2026-06-10 17:00:00'),
(372, 55, '1506.62', 'platform 9 better lokal MTH', NULL, 'aktif', 'debet', NULL, '2026-06-10 17:00:00', '2026-06-10 17:00:00'),
(373, 55, '1506.63', 'platform 9 pg MTH', NULL, 'aktif', 'debet', NULL, '2026-06-10 17:00:00', '2026-06-10 17:00:00'),
(374, 55, '1506.64', 'platform 9 better lokal R MTH', NULL, 'aktif', 'debet', NULL, '2026-06-10 17:00:00', '2026-06-10 17:00:00'),
(375, 55, '1506.65', 'platform 12fm MTH', NULL, 'aktif', 'debet', NULL, '2026-06-10 17:00:00', '2026-06-10 17:00:00'),
(376, 55, '1506.66', '3s better MTH', NULL, 'aktif', 'debet', NULL, '2026-06-10 17:00:00', '2026-06-10 17:00:00'),
(377, 55, '1506.67', '5s better MTH', NULL, 'aktif', 'debet', NULL, '2026-06-10 17:00:00', '2026-06-10 17:00:00'),
(378, 55, '1506.68', 'platform 15 better lokal MTH', NULL, 'aktif', 'debet', NULL, '2026-06-10 17:00:00', '2026-06-10 17:00:00'),
(379, 55, '1506.69', '12s uty lokal MTH', NULL, 'aktif', 'debet', NULL, '2026-06-10 17:00:00', '2026-06-10 17:00:00'),
(380, 55, '1506.70', '18s uty lokal MTH', NULL, 'aktif', 'debet', NULL, '2026-06-10 17:00:00', '2026-06-10 17:00:00'),
(381, 55, '1506.71', '8s pg MTH', NULL, 'aktif', 'debet', NULL, '2026-06-10 17:00:00', '2026-06-10 17:00:00'),
(382, 55, '1506.72', '4s uty MTH', NULL, 'aktif', 'debet', NULL, '2026-06-10 17:00:00', '2026-06-10 17:00:00'),
(383, 55, '1506.73', 'platform 6 better lokal MTH', NULL, 'aktif', 'debet', NULL, '2026-06-10 17:00:00', '2026-06-10 17:00:00'),
(384, 55, '1506.74', '15s better lokal MTH', NULL, 'aktif', 'debet', NULL, '2026-06-10 17:00:00', '2026-06-10 17:00:00'),
(385, 55, '1506.75', 'platform 18 uty lokal MTH', NULL, 'aktif', 'debet', NULL, '2026-06-10 17:00:00', '2026-06-10 17:00:00'),
(386, 55, '1506.76', 'platform 12 uty lokal MTH', NULL, 'aktif', 'debet', NULL, '2026-06-10 17:00:00', '2026-06-10 17:00:00'),
(387, 55, '1506.77', '3s uty lokal MTH', NULL, 'aktif', 'debet', NULL, '2026-06-10 17:00:00', '2026-06-10 17:00:00'),
(388, 55, '1506.78', '100x100x2 lps MTH WJY', NULL, 'aktif', 'debet', NULL, '2026-06-10 17:00:00', '2026-06-10 17:00:00'),
(389, 55, '1506.79', '100x100x3 lps MTH WJY', NULL, 'aktif', 'debet', NULL, '2026-06-10 17:00:00', '2026-06-10 17:00:00'),
(390, 55, '1506.80', 'platform 12fm MTH WJY', NULL, 'aktif', 'debet', NULL, '2026-06-10 17:00:00', '2026-06-10 17:00:00'),
(391, 55, '1506.81', 'platform 18fm MTH WJY', NULL, 'aktif', 'debet', NULL, '2026-06-10 17:00:00', '2026-06-10 17:00:00'),
(392, 55, '1506.82', 'platform 15fm MTH WJY', NULL, 'aktif', 'debet', NULL, '2026-06-10 17:00:00', '2026-06-10 17:00:00'),
(393, 55, '1506.83', '12m uty lokal MTH', NULL, 'aktif', 'debet', NULL, '2026-06-10 17:00:00', '2026-06-10 17:00:00'),
(394, 55, '1506.84', 'platform 9 better lokal MTH WJY', NULL, 'aktif', 'debet', NULL, '2026-06-10 17:00:00', '2026-06-10 17:00:00'),
(395, 55, '1506.85', 'platform 11fm MTH WJY', NULL, 'aktif', 'debet', NULL, '2026-06-10 17:00:00', '2026-06-10 17:00:00'),
(396, 55, '1506.86', 'platform 8 MTH WJY', NULL, 'aktif', 'debet', NULL, '2026-06-10 17:00:00', '2026-06-10 17:00:00'),
(397, 55, '1506.87', '9s better MTH', NULL, 'aktif', 'debet', NULL, '2026-06-10 17:00:00', '2026-06-10 17:00:00'),
(398, 55, '1506.88', 'platform 9fm MTH WJY', NULL, 'aktif', 'debet', NULL, '2026-06-10 17:00:00', '2026-06-10 17:00:00'),
(399, 55, '1506.89', 'platform 9fm MTH', NULL, 'aktif', 'debet', NULL, '2026-06-10 17:00:00', '2026-06-10 17:00:00'),
(400, 55, '1506.90', '110x70x2 lps MTH WJY', NULL, 'aktif', 'debet', NULL, '2026-06-10 17:00:00', '2026-06-10 17:00:00'),
(401, 55, '1506.91', '110x70x3 lps MTH WJY', NULL, 'aktif', 'debet', NULL, '2026-06-10 17:00:00', '2026-06-10 17:00:00'),
(402, 55, '1506.92', '6s better MTH', NULL, 'aktif', 'debet', NULL, '2026-06-10 17:00:00', '2026-06-10 17:00:00'),
(403, 55, '1506.93', '12s better MTH', NULL, 'aktif', 'debet', NULL, '2026-06-10 17:00:00', '2026-06-10 17:00:00'),
(404, 55, '1506.94', '5m uty MTH', NULL, 'aktif', 'debet', NULL, '2026-06-10 17:00:00', '2026-06-10 17:00:00'),
(405, 55, '1506.95', 'platform 8 mhn MTH', NULL, 'aktif', 'debet', NULL, '2026-06-10 17:00:00', '2026-06-10 17:00:00'),
(406, 55, '1506.96', '8m pg MTH', NULL, 'aktif', 'debet', NULL, '2026-06-10 17:00:00', '2026-06-10 17:00:00'),
(407, 55, '1506.97', '50x50x3 MTH WJY', NULL, 'aktif', 'debet', NULL, '2026-06-10 17:00:00', '2026-06-10 17:00:00'),
(408, 55, '1506.98', '50x50x3 MTH', NULL, 'aktif', 'debet', NULL, '2026-06-10 17:00:00', '2026-06-10 17:00:00'),
(409, 55, '1506.99', 'sampah di pabrik', NULL, 'aktif', 'debet', NULL, '2026-06-10 17:00:00', '2026-06-10 17:00:00'),
(410, 56, '1507.01', 'amplas 180', NULL, 'aktif', 'debet', NULL, '2026-06-10 17:00:00', '2026-06-10 17:00:00'),
(411, 56, '1507.02', 'amplas 80', NULL, 'aktif', 'debet', NULL, '2026-06-10 17:00:00', '2026-06-10 17:00:00'),
(412, 56, '1507.03', 'Batu Asah', NULL, 'aktif', 'debet', NULL, '2026-06-10 17:00:00', '2026-06-10 17:00:00'),
(413, 56, '1507.04', 'Batu Gerenda 16\"', NULL, 'aktif', 'debet', NULL, '2026-06-10 17:00:00', '2026-06-10 17:00:00'),
(414, 56, '1507.05', 'Batu Gerenda tebal', NULL, 'aktif', 'debet', NULL, '2026-06-10 17:00:00', '2026-06-10 17:00:00'),
(415, 56, '1507.06', 'Batu gerenda tipis', NULL, 'aktif', 'debet', NULL, '2026-06-10 17:00:00', '2026-06-10 17:00:00'),
(416, 56, '1507.07', 'Bensin/pertalite', NULL, 'aktif', 'debet', NULL, '2026-06-10 17:00:00', '2026-06-10 17:00:00'),
(417, 56, '1507.08', 'Cat besi', NULL, 'aktif', 'debet', NULL, '2026-06-10 17:00:00', '2026-06-10 17:00:00'),
(418, 56, '1507.09', 'crayon', NULL, 'aktif', 'debet', NULL, '2026-06-10 17:00:00', '2026-06-10 17:00:00'),
(419, 56, '1507.10', 'cutter', NULL, 'aktif', 'debet', NULL, '2026-06-10 17:00:00', '2026-06-10 17:00:00'),
(420, 56, '1507.11', 'Hadner', NULL, 'aktif', 'debet', NULL, '2026-06-10 17:00:00', '2026-06-10 17:00:00'),
(421, 56, '1507.12', 'Isi cutter', NULL, 'aktif', 'debet', NULL, '2026-06-10 17:00:00', '2026-06-10 17:00:00'),
(422, 56, '1507.13', 'Isi Staples', NULL, 'aktif', 'debet', NULL, '2026-06-10 17:00:00', '2026-06-10 17:00:00'),
(423, 56, '1507.14', 'Isi tinta', NULL, 'aktif', 'debet', NULL, '2026-06-10 17:00:00', '2026-06-10 17:00:00'),
(424, 56, '1507.15', 'kapur', NULL, 'aktif', 'debet', NULL, '2026-06-10 17:00:00', '2026-06-10 17:00:00'),
(425, 56, '1507.16', 'Tepung ', NULL, 'aktif', 'debet', NULL, '2026-06-10 17:00:00', '2026-06-10 17:00:00'),
(426, 56, '1507.17', 'kawat las rb-26(bijian)', NULL, 'aktif', 'debet', NULL, '2026-06-10 17:00:00', '2026-06-10 17:00:00'),
(427, 56, '1507.18', 'kawat las rb-26(kilo)', NULL, 'aktif', 'debet', NULL, '2026-06-10 17:00:00', '2026-06-10 17:00:00'),
(428, 56, '1507.19', 'kawat stanlis', NULL, 'aktif', 'debet', NULL, '2026-06-10 17:00:00', '2026-06-10 17:00:00'),
(429, 56, '1507.20', 'Lem Aruki', NULL, 'aktif', 'debet', NULL, '2026-06-10 17:00:00', '2026-06-10 17:00:00'),
(430, 56, '1507.21', 'Lem Dover', NULL, 'aktif', 'debet', NULL, '2026-06-10 17:00:00', '2026-06-10 17:00:00'),
(431, 56, '1507.22', 'Lem PAI', NULL, 'aktif', 'debet', NULL, '2026-06-10 17:00:00', '2026-06-10 17:00:00'),
(432, 56, '1507.23', 'Oli TERMO', NULL, 'aktif', 'debet', NULL, '2026-06-10 17:00:00', '2026-06-10 17:00:00'),
(433, 56, '1507.24', 'Oli garden', NULL, 'aktif', 'debet', NULL, '2026-06-10 17:00:00', '2026-06-10 17:00:00'),
(434, 56, '1507.25', 'Oli sae 40', NULL, 'aktif', 'debet', NULL, '2026-06-10 17:00:00', '2026-06-10 17:00:00'),
(435, 56, '1507.26', 'Oli sae 90', NULL, 'aktif', 'debet', NULL, '2026-06-10 17:00:00', '2026-06-10 17:00:00'),
(436, 56, '1507.27', 'Paku', NULL, 'aktif', 'debet', NULL, '2026-06-10 17:00:00', '2026-06-10 17:00:00');
INSERT INTO `sub_anak_akuns` (`id`, `id_anak_akun`, `kode_sub_anak_akun`, `nama_sub_anak_akun`, `keterangan`, `status`, `saldo_normal`, `created_by`, `created_at`, `updated_at`) VALUES
(437, 56, '1507.28', 'paku 3\"', NULL, 'aktif', 'debet', NULL, '2026-06-10 17:00:00', '2026-06-10 17:00:00'),
(438, 56, '1507.29', 'paku 4\"', NULL, 'aktif', 'debet', NULL, '2026-06-10 17:00:00', '2026-06-10 17:00:00'),
(439, 56, '1507.30', 'paku 5\"', NULL, 'aktif', 'debet', NULL, '2026-06-10 17:00:00', '2026-06-10 17:00:00'),
(440, 56, '1507.31', 'paku drilling 1', NULL, 'aktif', 'debet', NULL, '2026-06-10 17:00:00', '2026-06-10 17:00:00'),
(441, 56, '1507.32', 'paku drilling 2', NULL, 'aktif', 'debet', NULL, '2026-06-10 17:00:00', '2026-06-10 17:00:00'),
(442, 56, '1507.33', 'pupuk posaka', NULL, 'aktif', 'debet', NULL, '2026-06-10 17:00:00', '2026-06-10 17:00:00'),
(443, 56, '1507.34', 'pupuk urea', NULL, 'aktif', 'debet', NULL, '2026-06-10 17:00:00', '2026-06-10 17:00:00'),
(444, 56, '1507.35', 'isolasi coklat WHN', NULL, 'aktif', 'debet', NULL, '2026-06-10 17:00:00', '2026-06-10 17:00:00'),
(445, 56, '1507.36', 'isolasi putih', NULL, 'aktif', 'debet', NULL, '2026-06-10 17:00:00', '2026-06-10 17:00:00'),
(446, 56, '1507.37', 'stapler', NULL, 'aktif', 'debet', NULL, '2026-06-10 17:00:00', '2026-06-10 17:00:00'),
(447, 56, '1507.38', 'tali ball', NULL, 'aktif', 'debet', NULL, '2026-06-10 17:00:00', '2026-06-10 17:00:00'),
(448, 56, '1507.39', 'tali rafia(mtr)', NULL, 'aktif', 'debet', NULL, '2026-06-10 17:00:00', '2026-06-10 17:00:00'),
(449, 56, '1507.40', 'Dexlite', NULL, 'aktif', 'debet', NULL, '2026-06-10 17:00:00', '2026-06-10 17:00:00'),
(450, 56, '1507.41', 'reeling tape', NULL, 'aktif', 'debet', NULL, '2026-06-10 17:00:00', '2026-06-10 17:00:00'),
(451, 56, '1507.42', 'tiner', NULL, 'aktif', 'debet', NULL, '2026-06-10 17:00:00', '2026-06-10 17:00:00'),
(452, 56, '1507.43', 'Oli sae 20', NULL, 'aktif', 'debet', NULL, '2026-06-10 17:00:00', '2026-06-10 17:00:00'),
(453, 56, '1507.44', 'Oli Hidrolis', NULL, 'aktif', 'debet', NULL, '2026-06-10 17:00:00', '2026-06-10 17:00:00'),
(454, 56, '1507.45', 'Amplas 320', NULL, 'aktif', 'debet', NULL, '2026-06-10 17:00:00', '2026-06-10 17:00:00'),
(455, 56, '1507.46', 'Sapu lidi ', NULL, 'aktif', 'debet', NULL, '2026-06-10 17:00:00', '2026-06-10 17:00:00'),
(456, 56, '1507.47', 'Amplas 40', NULL, 'aktif', 'debet', NULL, '2026-06-10 17:00:00', '2026-06-10 17:00:00'),
(457, 56, '1507.48', 'Kawat las lb 5.2', NULL, 'aktif', 'debet', NULL, '2026-06-10 17:00:00', '2026-06-10 17:00:00'),
(458, 56, '1507.49', 'Pewarna', NULL, 'aktif', 'debet', NULL, '2026-06-10 17:00:00', '2026-06-10 17:00:00'),
(459, 56, '1507.50', 'MUF 300', NULL, 'aktif', 'debet', NULL, '2026-06-10 17:00:00', '2026-06-10 17:00:00'),
(460, 56, '1507.51', 'C 650', NULL, 'aktif', 'debet', NULL, '2026-06-10 17:00:00', '2026-06-10 17:00:00'),
(461, 56, '1507.52', 'TBA', NULL, 'aktif', 'debet', NULL, '2026-06-10 17:00:00', '2026-06-10 17:00:00'),
(462, 56, '1507.53', 'desinfektan', NULL, 'aktif', 'debet', NULL, '2026-06-10 17:00:00', '2026-06-10 17:00:00'),
(463, 56, '1507.54', 'h-319', NULL, 'aktif', 'debet', NULL, '2026-06-10 17:00:00', '2026-06-10 17:00:00'),
(464, 56, '1507.55', 'kertas print', NULL, 'aktif', 'debet', NULL, '2026-06-10 17:00:00', '2026-06-10 17:00:00'),
(465, 56, '1507.56', 'karung', NULL, 'aktif', 'debet', NULL, '2026-06-10 17:00:00', '2026-06-10 17:00:00'),
(466, 56, '1507.57', 'lem HQ (lem putih)', NULL, 'aktif', 'debet', NULL, '2026-06-10 17:00:00', '2026-06-10 17:00:00'),
(467, 56, '1507.58', 'coolant oil WJY', NULL, 'aktif', 'debet', NULL, '2026-06-10 17:00:00', '2026-06-10 17:00:00'),
(468, 56, '1507.59', 'hadner WJY', NULL, 'aktif', 'debet', NULL, '2026-06-10 17:00:00', '2026-06-10 17:00:00'),
(469, 56, '1507.60', 'Isi cutter WJY', NULL, 'aktif', 'debet', NULL, '2026-06-10 17:00:00', '2026-06-10 17:00:00'),
(470, 56, '1507.61', 'Isi Staples WJY', NULL, 'aktif', 'debet', NULL, '2026-06-10 17:00:00', '2026-06-10 17:00:00'),
(471, 56, '1507.62', 'Tepung WJY', NULL, 'aktif', 'debet', NULL, '2026-06-10 17:00:00', '2026-06-10 17:00:00'),
(472, 56, '1507.63', 'Lem Aruki WJY', NULL, 'aktif', 'debet', NULL, '2026-06-10 17:00:00', '2026-06-10 17:00:00'),
(473, 56, '1507.64', 'Lem Dover WJY', NULL, 'aktif', 'debet', NULL, '2026-06-10 17:00:00', '2026-06-10 17:00:00'),
(474, 56, '1507.65', 'Lem PAI WJY', NULL, 'aktif', 'debet', NULL, '2026-06-10 17:00:00', '2026-06-10 17:00:00'),
(475, 56, '1507.66', 'isolasi putih WJY', NULL, 'aktif', 'debet', NULL, '2026-06-10 17:00:00', '2026-06-10 17:00:00'),
(476, 56, '1507.67', 'isolasi coklat WJY', NULL, 'aktif', 'debet', NULL, '2026-06-10 17:00:00', '2026-06-10 17:00:00'),
(477, 56, '1507.68', 'stapler WJY', NULL, 'aktif', 'debet', NULL, '2026-06-10 17:00:00', '2026-06-10 17:00:00'),
(478, 216, '1601.01', 'kaleng plastik', NULL, 'aktif', 'debet', NULL, '2026-06-10 17:00:00', '2026-06-10 17:00:00'),
(479, 216, '1601.02', 'sak tepung bekas', NULL, 'aktif', 'debet', NULL, '2026-06-10 17:00:00', '2026-06-10 17:00:00'),
(480, 216, '1601.03', 'Kren', NULL, 'aktif', 'debet', NULL, '2026-06-10 17:00:00', '2026-06-10 17:00:00'),
(481, 216, '1601.04', 'karung goni', NULL, 'aktif', 'debet', NULL, '2026-06-10 17:00:00', '2026-06-10 17:00:00'),
(482, 216, '1601.05', 'kotak sampah', NULL, 'aktif', 'debet', NULL, '2026-06-10 17:00:00', '2026-06-10 17:00:00'),
(483, 216, '1601.06', 'staples kecil', NULL, 'aktif', 'debet', NULL, '2026-06-10 17:00:00', '2026-06-10 17:00:00'),
(484, 216, '1601.07', 'galon minum', NULL, 'aktif', 'debet', NULL, '2026-06-10 17:00:00', '2026-06-10 17:00:00'),
(485, 216, '1601.08', 'guci minum', NULL, 'aktif', 'debet', NULL, '2026-06-10 17:00:00', '2026-06-10 17:00:00'),
(486, 216, '1601.09', 'alat pemadam / apar', NULL, 'aktif', 'debet', NULL, '2026-06-10 17:00:00', '2026-06-10 17:00:00'),
(487, 216, '1601.10', 'helm kuning', NULL, 'aktif', 'debet', NULL, '2026-06-10 17:00:00', '2026-06-10 17:00:00'),
(488, 216, '1601.11', 'ban bekas', NULL, 'aktif', 'debet', NULL, '2026-06-10 17:00:00', '2026-06-10 17:00:00'),
(489, 216, '1601.12', 'rasberry', NULL, 'aktif', 'debet', NULL, '2026-06-10 17:00:00', '2026-06-10 17:00:00'),
(490, 216, '1601.13', 'curigen', NULL, 'aktif', 'debet', NULL, '2026-06-10 17:00:00', '2026-06-10 17:00:00'),
(491, 216, '1601.14', 'sapu famili ', NULL, 'aktif', 'debet', NULL, '2026-06-10 17:00:00', '2026-06-10 17:00:00'),
(492, 216, '1601.15', 'cetok', NULL, 'aktif', 'debet', NULL, '2026-06-10 17:00:00', '2026-06-10 17:00:00'),
(493, 216, '1601.16', 'dongkrak', NULL, 'aktif', 'debet', NULL, '2026-06-10 17:00:00', '2026-06-10 17:00:00'),
(494, 216, '1601.17', 'tandon', NULL, 'aktif', 'debet', NULL, '2026-06-10 17:00:00', '2026-06-10 17:00:00'),
(495, 216, '1601.18', 'penangkal petir', NULL, 'aktif', 'debet', NULL, '2026-06-10 17:00:00', '2026-06-10 17:00:00'),
(496, 216, '1601.19', 'Layar Proyektor', NULL, 'aktif', 'debet', NULL, '2026-06-10 17:00:00', '2026-06-10 17:00:00'),
(497, 216, '1601.20', 'Meja kantor ( ada laci )', NULL, 'aktif', 'debet', NULL, '2026-06-10 17:00:00', '2026-06-10 17:00:00'),
(498, 216, '1601.21', 'meja kantor polos', NULL, 'aktif', 'debet', NULL, '2026-06-10 17:00:00', '2026-06-10 17:00:00'),
(499, 216, '1601.22', 'Meja (tembel luar)', NULL, 'aktif', 'debet', NULL, '2026-06-10 17:00:00', '2026-06-10 17:00:00'),
(500, 216, '1601.23', 'Kursi plastik kotak / bundar', NULL, 'aktif', 'debet', NULL, '2026-06-10 17:00:00', '2026-06-10 17:00:00'),
(501, 216, '1601.24', 'Kursi plastik ada sendenan', NULL, 'aktif', 'debet', NULL, '2026-06-10 17:00:00', '2026-06-10 17:00:00'),
(502, 216, '1601.25', 'kursi kayu panjang', NULL, 'aktif', 'debet', NULL, '2026-06-10 17:00:00', '2026-06-10 17:00:00'),
(503, 216, '1601.26', 'kursi besi sendenan', NULL, 'aktif', 'debet', NULL, '2026-06-10 17:00:00', '2026-06-10 17:00:00'),
(504, 216, '1601.27', 'lemari triplek', NULL, 'aktif', 'debet', NULL, '2026-06-10 17:00:00', '2026-06-10 17:00:00'),
(505, 216, '1601.28', 'Rasberry lengkap(monitor,kitbod,mos)', NULL, 'aktif', 'debet', NULL, '2026-06-10 17:00:00', '2026-06-10 17:00:00'),
(506, 216, '1601.29', 'komputer lengkap(monitor,kitbod,mos)', NULL, 'aktif', 'debet', NULL, '2026-06-10 17:00:00', '2026-06-10 17:00:00'),
(507, 216, '1601.30', 'lextop lengkap', NULL, 'aktif', 'debet', NULL, '2026-06-10 17:00:00', '2026-06-10 17:00:00'),
(508, 216, '1601.31', 'Printer', NULL, 'aktif', 'debet', NULL, '2026-06-10 17:00:00', '2026-06-10 17:00:00'),
(509, 216, '1601.32', 'plong', NULL, 'aktif', 'debet', NULL, '2026-06-10 17:00:00', '2026-06-10 17:00:00'),
(510, 216, '1601.33', 'mesin hitung uang', NULL, 'aktif', 'debet', NULL, '2026-06-10 17:00:00', '2026-06-10 17:00:00'),
(511, 216, '1601.34', 'telepon ', NULL, 'aktif', 'debet', NULL, '2026-06-10 17:00:00', '2026-06-10 17:00:00'),
(512, 216, '1601.35', 'hp', NULL, 'aktif', 'debet', NULL, '2026-06-10 17:00:00', '2026-06-10 17:00:00'),
(513, 216, '1601.36', 'kalkulator', NULL, 'aktif', 'debet', NULL, '2026-06-10 17:00:00', '2026-06-10 17:00:00'),
(514, 216, '1601.37', 'materai', NULL, 'aktif', 'debet', NULL, '2026-06-10 17:00:00', '2026-06-10 17:00:00'),
(515, 216, '1601.38', 'tv pos satpam', NULL, 'aktif', 'debet', NULL, '2026-06-10 17:00:00', '2026-06-10 17:00:00'),
(516, 216, '1601.39', 'white board', NULL, 'aktif', 'debet', NULL, '2026-06-10 17:00:00', '2026-06-10 17:00:00'),
(517, 216, '1601.40', 'UPS', NULL, 'aktif', 'debet', NULL, '2026-06-10 17:00:00', '2026-06-10 17:00:00'),
(518, 216, '1601.41', 'metal detektor u/ cek paku dalam kayu', NULL, 'aktif', 'debet', NULL, '2026-06-10 17:00:00', '2026-06-10 17:00:00'),
(519, 216, '1601.42', 'barcode scanner ', NULL, 'aktif', 'debet', NULL, '2026-06-10 17:00:00', '2026-06-10 17:00:00'),
(520, 216, '1601.43', 'mesin laminating joyco', NULL, 'aktif', 'debet', NULL, '2026-06-10 17:00:00', '2026-06-10 17:00:00'),
(521, 216, '1601.44', 'jok ', NULL, 'aktif', 'debet', NULL, '2026-06-10 17:00:00', '2026-06-10 17:00:00'),
(522, 217, '1701.01', 'serok', NULL, 'aktif', 'debet', NULL, '2026-06-10 17:00:00', '2026-06-10 17:00:00'),
(523, 217, '1701.02', 'garuk', NULL, 'aktif', 'debet', NULL, '2026-06-10 17:00:00', '2026-06-10 17:00:00'),
(524, 217, '1701.03', 'sekrop', NULL, 'aktif', 'debet', NULL, '2026-06-10 17:00:00', '2026-06-10 17:00:00'),
(525, 217, '1701.04', 'linggis', NULL, 'aktif', 'debet', NULL, '2026-06-10 17:00:00', '2026-06-10 17:00:00'),
(526, 217, '1701.05', 'pedang', NULL, 'aktif', 'debet', NULL, '2026-06-10 17:00:00', '2026-06-10 17:00:00'),
(527, 217, '1701.06', 'sabit', NULL, 'aktif', 'debet', NULL, '2026-06-10 17:00:00', '2026-06-10 17:00:00'),
(528, 217, '1701.07', 'kubut', NULL, 'aktif', 'debet', NULL, '2026-06-10 17:00:00', '2026-06-10 17:00:00'),
(529, 217, '1701.08', 'palu', NULL, 'aktif', 'debet', NULL, '2026-06-10 17:00:00', '2026-06-10 17:00:00'),
(530, 217, '1701.09', 'kunci pipa k', NULL, 'aktif', 'debet', NULL, '2026-06-10 17:00:00', '2026-06-10 17:00:00'),
(531, 217, '1701.10', 'kunci pipa t', NULL, 'aktif', 'debet', NULL, '2026-06-10 17:00:00', '2026-06-10 17:00:00'),
(532, 217, '1701.11', 'ammer', NULL, 'aktif', 'debet', NULL, '2026-06-10 17:00:00', '2026-06-10 17:00:00'),
(533, 217, '1701.12', 'kunci pas ring 27', NULL, 'aktif', 'debet', NULL, '2026-06-10 17:00:00', '2026-06-10 17:00:00'),
(534, 217, '1701.13', 'kunci pas ring 46', NULL, 'aktif', 'debet', NULL, '2026-06-10 17:00:00', '2026-06-10 17:00:00'),
(535, 217, '1701.14', 'kunci pas ring 20', NULL, 'aktif', 'debet', NULL, '2026-06-10 17:00:00', '2026-06-10 17:00:00'),
(536, 217, '1701.15', 'kunci pas ring 17', NULL, 'aktif', 'debet', NULL, '2026-06-10 17:00:00', '2026-06-10 17:00:00'),
(537, 217, '1701.16', 'kunci pas ring 10-12', NULL, 'aktif', 'debet', NULL, '2026-06-10 17:00:00', '2026-06-10 17:00:00'),
(538, 217, '1701.17', 'kubnci sok 21', NULL, 'aktif', 'debet', NULL, '2026-06-10 17:00:00', '2026-06-10 17:00:00'),
(539, 217, '1701.18', 'kubnci sok 17', NULL, 'aktif', 'debet', NULL, '2026-06-10 17:00:00', '2026-06-10 17:00:00'),
(540, 217, '1701.19', 'kubnci sok 16', NULL, 'aktif', 'debet', NULL, '2026-06-10 17:00:00', '2026-06-10 17:00:00'),
(541, 217, '1701.20', 'kubnci sok 27', NULL, 'aktif', 'debet', NULL, '2026-06-10 17:00:00', '2026-06-10 17:00:00'),
(542, 217, '1701.21', 'kubnci sok 17', NULL, 'aktif', 'debet', NULL, '2026-06-10 17:00:00', '2026-06-10 17:00:00'),
(543, 217, '1701.22', 'kubnci sok 18', NULL, 'aktif', 'debet', NULL, '2026-06-10 17:00:00', '2026-06-10 17:00:00'),
(544, 217, '1701.23', 'kubnci sok 24', NULL, 'aktif', 'debet', NULL, '2026-06-10 17:00:00', '2026-06-10 17:00:00'),
(545, 217, '1701.24', 'kubnci sok 32', NULL, 'aktif', 'debet', NULL, '2026-06-10 17:00:00', '2026-06-10 17:00:00'),
(546, 217, '1701.25', 'graji senso besar', NULL, 'aktif', 'debet', NULL, '2026-06-10 17:00:00', '2026-06-10 17:00:00'),
(547, 217, '1701.26', 'graji senso sedang', NULL, 'aktif', 'debet', NULL, '2026-06-10 17:00:00', '2026-06-10 17:00:00'),
(548, 217, '1701.27', 'graji senso kecil', NULL, 'aktif', 'debet', NULL, '2026-06-10 17:00:00', '2026-06-10 17:00:00'),
(549, 217, '1701.28', 'tampar 50 m', NULL, 'aktif', 'debet', NULL, '2026-06-10 17:00:00', '2026-06-10 17:00:00'),
(550, 217, '1701.29', 'pisau 130 (pare)', NULL, 'aktif', 'debet', NULL, '2026-06-10 17:00:00', '2026-06-10 17:00:00'),
(551, 217, '1701.30', 'mesin rool', NULL, 'aktif', 'debet', NULL, '2026-06-10 17:00:00', '2026-06-10 17:00:00'),
(552, 217, '1701.31', 'Dinamo ', NULL, 'aktif', 'debet', NULL, '2026-06-10 17:00:00', '2026-06-10 17:00:00'),
(553, 217, '1701.32', 'katrol', NULL, 'aktif', 'debet', NULL, '2026-06-10 17:00:00', '2026-06-10 17:00:00'),
(554, 217, '1701.33', 'Pully ', NULL, 'aktif', 'debet', NULL, '2026-06-10 17:00:00', '2026-06-10 17:00:00'),
(555, 217, '1701.34', 'stom', NULL, 'aktif', 'debet', NULL, '2026-06-10 17:00:00', '2026-06-10 17:00:00'),
(556, 217, '1701.35', 'sketmat', NULL, 'aktif', 'debet', NULL, '2026-06-10 17:00:00', '2026-06-10 17:00:00'),
(557, 217, '1701.36', 'Dinamo 1,5 kw', NULL, 'aktif', 'debet', NULL, '2026-06-10 17:00:00', '2026-06-10 17:00:00'),
(558, 217, '1701.37', 'Dinamo 7,5kw', NULL, 'aktif', 'debet', NULL, '2026-06-10 17:00:00', '2026-06-10 17:00:00'),
(559, 217, '1701.38', 'Dinamo 1 kw', NULL, 'aktif', 'debet', NULL, '2026-06-10 17:00:00', '2026-06-10 17:00:00'),
(560, 217, '1701.39', 'graji piringan', NULL, 'aktif', 'debet', NULL, '2026-06-10 17:00:00', '2026-06-10 17:00:00'),
(561, 217, '1701.40', 'Graji double sizer (barang belum masuk)', NULL, 'aktif', 'debet', NULL, '2026-06-10 17:00:00', '2026-06-10 17:00:00'),
(562, 217, '1701.41', 'as', NULL, 'aktif', 'debet', NULL, '2026-06-10 17:00:00', '2026-06-10 17:00:00'),
(563, 217, '1701.42', 'Pisau 260', NULL, 'aktif', 'debet', NULL, '2026-06-10 17:00:00', '2026-06-10 17:00:00'),
(564, 217, '1701.43', 'pisau ukuran P 130', NULL, 'aktif', 'debet', NULL, '2026-06-10 17:00:00', '2026-06-10 17:00:00'),
(565, 217, '1701.44', 'graji rusak', NULL, 'aktif', 'debet', NULL, '2026-06-10 17:00:00', '2026-06-10 17:00:00'),
(566, 217, '1701.45', 'graji ukuran 24 u/ multirif', NULL, 'aktif', 'debet', NULL, '2026-06-10 17:00:00', '2026-06-10 17:00:00'),
(567, 217, '1701.46', 'graji ukuran 28 u/ multirif', NULL, 'aktif', 'debet', NULL, '2026-06-10 17:00:00', '2026-06-10 17:00:00'),
(568, 217, '1701.47', 'graji ukuran 36 kecil u/ stikan', NULL, 'aktif', 'debet', NULL, '2026-06-10 17:00:00', '2026-06-10 17:00:00'),
(569, 217, '1701.48', 'graji ukuran 36 besar u/ balokan', NULL, 'aktif', 'debet', NULL, '2026-06-10 17:00:00', '2026-06-10 17:00:00'),
(570, 217, '1701.49', 'graji ukuran 39 u/ multirif', NULL, 'aktif', 'debet', NULL, '2026-06-10 17:00:00', '2026-06-10 17:00:00'),
(571, 217, '1701.50', 'graji ukuran 100 u/ potong lc', NULL, 'aktif', 'debet', NULL, '2026-06-10 17:00:00', '2026-06-10 17:00:00'),
(572, 217, '1701.51', 'graji ukuran 100 u/ graji triplek', NULL, 'aktif', 'debet', NULL, '2026-06-10 17:00:00', '2026-06-10 17:00:00'),
(573, 217, '1701.52', 'graji ukuran 120T u/ graji triplek', NULL, 'aktif', 'debet', NULL, '2026-06-10 17:00:00', '2026-06-10 17:00:00'),
(574, 217, '1701.53', 'graji ukuran 130 u/ graji splindeles 260', NULL, 'aktif', 'debet', NULL, '2026-06-10 17:00:00', '2026-06-10 17:00:00'),
(575, 217, '1701.54', 'temy crane 1', NULL, 'aktif', 'debet', NULL, '2026-06-10 17:00:00', '2026-06-10 17:00:00'),
(576, 217, '1701.55', 'hois', NULL, 'aktif', 'debet', NULL, '2026-06-10 17:00:00', '2026-06-10 17:00:00'),
(577, 217, '1701.56', 'skafolding', NULL, 'aktif', 'debet', NULL, '2026-06-10 17:00:00', '2026-06-10 17:00:00'),
(578, 217, '1701.57', 'pisaupotong', NULL, 'aktif', 'debet', NULL, '2026-06-10 17:00:00', '2026-06-10 17:00:00'),
(579, 217, '1701.58', 'bor tangan', NULL, 'aktif', 'debet', NULL, '2026-06-10 17:00:00', '2026-06-10 17:00:00'),
(580, 217, '1701.59', 'mouse', NULL, 'aktif', 'debet', NULL, '2026-06-10 17:00:00', '2026-06-10 17:00:00'),
(581, 217, '1701.60', 'cangkul', NULL, 'aktif', 'debet', NULL, '2026-06-10 17:00:00', '2026-06-10 17:00:00'),
(582, 217, '1701.61', 'inventer', NULL, 'aktif', 'debet', NULL, '2026-06-10 17:00:00', '2026-06-10 17:00:00'),
(583, 217, '1701.62', 'blower ', NULL, 'aktif', 'debet', NULL, '2026-06-10 17:00:00', '2026-06-10 17:00:00'),
(584, 217, '1701.63', 'roll', NULL, 'aktif', 'debet', NULL, '2026-06-10 17:00:00', '2026-06-10 17:00:00'),
(585, 217, '1701.64', 'pisau planer', NULL, 'aktif', 'debet', NULL, '2026-06-10 17:00:00', '2026-06-10 17:00:00'),
(586, 217, '1701.65', 'Roda', NULL, 'aktif', 'debet', NULL, '2026-06-10 17:00:00', '2026-06-10 17:00:00'),
(587, 217, '1701.66', 'ganco', NULL, 'aktif', 'debet', NULL, '2026-06-10 17:00:00', '2026-06-10 17:00:00'),
(588, 217, '1701.67', 'tab', NULL, 'aktif', 'debet', NULL, '2026-06-10 17:00:00', '2026-06-10 17:00:00'),
(589, 217, '1701.68', 'mesin grenda', NULL, 'aktif', 'debet', NULL, '2026-06-10 17:00:00', '2026-06-10 17:00:00'),
(590, 217, '1701.69', 'mesin selep sampah', NULL, 'aktif', 'debet', NULL, '2026-06-10 17:00:00', '2026-06-10 17:00:00'),
(591, 217, '1701.70', 'castable', NULL, 'aktif', 'debet', NULL, '2026-06-10 17:00:00', '2026-06-10 17:00:00'),
(592, 217, '1701.71', 'selang hotpress', NULL, 'aktif', 'debet', NULL, '2026-06-10 17:00:00', '2026-06-10 17:00:00'),
(593, 217, '1701.72', 'Vanbelt', NULL, 'aktif', 'debet', NULL, '2026-06-10 17:00:00', '2026-06-10 17:00:00'),
(594, 217, '1701.73', 'Travolas', NULL, 'aktif', 'debet', NULL, '2026-06-10 17:00:00', '2026-06-10 17:00:00'),
(595, 217, '1701.74', 'DVR', NULL, 'aktif', 'debet', NULL, '2026-06-10 17:00:00', '2026-06-10 17:00:00'),
(596, 217, '1701.75', 'mata bor', NULL, 'aktif', 'debet', NULL, '2026-06-10 17:00:00', '2026-06-10 17:00:00'),
(597, 217, '1701.76', 'lempak', NULL, 'aktif', 'debet', NULL, '2026-06-10 17:00:00', '2026-06-10 17:00:00'),
(598, 217, '1701.77', 'Palet', NULL, 'aktif', 'debet', NULL, '2026-06-10 17:00:00', '2026-06-10 17:00:00'),
(599, 217, '1701.78', 'molen', NULL, 'aktif', 'debet', NULL, '2026-06-10 17:00:00', '2026-06-10 17:00:00'),
(600, 217, '1701.79', 'tang', NULL, 'aktif', 'debet', NULL, '2026-06-10 17:00:00', '2026-06-10 17:00:00'),
(601, 217, '1701.80', 'Ger Box', NULL, 'aktif', 'debet', NULL, '2026-06-10 17:00:00', '2026-06-10 17:00:00'),
(602, 217, '1701.81', 'Hidrolis', NULL, 'aktif', 'debet', NULL, '2026-06-10 17:00:00', '2026-06-10 17:00:00'),
(603, 217, '1701.82', 'terpal', NULL, 'aktif', 'debet', NULL, '2026-06-10 17:00:00', '2026-06-10 17:00:00'),
(604, 217, '1701.83', 'air aki', NULL, 'aktif', 'debet', NULL, '2026-06-10 17:00:00', '2026-06-10 17:00:00'),
(605, 217, '1701.84', 'gunting rumput', NULL, 'aktif', 'debet', NULL, '2026-06-10 17:00:00', '2026-06-10 17:00:00'),
(606, 217, '1701.85', 'pembersih kaca', NULL, 'aktif', 'debet', NULL, '2026-06-10 17:00:00', '2026-06-10 17:00:00'),
(607, 217, '1701.86', 'timbangan', NULL, 'aktif', 'debet', NULL, '2026-06-10 17:00:00', '2026-06-10 17:00:00'),
(608, 217, '1701.87', 'corong', NULL, 'aktif', 'debet', NULL, '2026-06-10 17:00:00', '2026-06-10 17:00:00'),
(609, 217, '1701.88', 'graji tangan', NULL, 'aktif', 'debet', NULL, '2026-06-10 17:00:00', '2026-06-10 17:00:00'),
(610, 217, '1701.89', 'argo', NULL, 'aktif', 'debet', NULL, '2026-06-10 17:00:00', '2026-06-10 17:00:00'),
(611, 217, '1701.90', 'genset', NULL, 'aktif', 'debet', NULL, '2026-06-10 17:00:00', '2026-06-10 17:00:00'),
(612, 217, '1701.91', 'besi ', NULL, 'aktif', 'debet', NULL, '2026-06-10 17:00:00', '2026-06-10 17:00:00'),
(613, 217, '1701.92', 'gigi', NULL, 'aktif', 'debet', NULL, '2026-06-10 17:00:00', '2026-06-10 17:00:00'),
(614, 217, '1701.93', 'drum', NULL, 'aktif', 'debet', NULL, '2026-06-10 17:00:00', '2026-06-10 17:00:00'),
(615, 217, '1701.94', 'ban', NULL, 'aktif', 'debet', NULL, '2026-06-10 17:00:00', '2026-06-10 17:00:00'),
(616, 217, '1701.95', 'archo', NULL, 'aktif', 'debet', NULL, '2026-06-10 17:00:00', '2026-06-10 17:00:00'),
(617, 217, '1701.96', 'plat', NULL, 'aktif', 'debet', NULL, '2026-06-10 17:00:00', '2026-06-10 17:00:00'),
(618, 217, '1701.97', 'pisau uk 270', NULL, 'aktif', 'debet', NULL, '2026-06-10 17:00:00', '2026-06-10 17:00:00'),
(619, 218, '1811.04', 'Bangunan  kolam lele/fermentasi kotoran ayam', NULL, 'aktif', 'debet', NULL, '2026-06-10 17:00:00', '2026-06-10 17:00:00'),
(620, 70, '1821.01', 'Bangunan pabrik', NULL, 'aktif', 'debet', NULL, '2026-06-10 17:00:00', '2026-06-10 17:00:00'),
(621, 70, '1821.02', 'Bangunan gudang setran', NULL, 'aktif', 'debet', NULL, '2026-06-10 17:00:00', '2026-06-10 17:00:00'),
(622, 70, '1821.03', 'Bangunan gudang kandang', NULL, 'aktif', 'debet', NULL, '2026-06-10 17:00:00', '2026-06-10 17:00:00'),
(623, 70, '1821.04', 'Bangunan ruko ina', NULL, 'aktif', 'debet', NULL, '2026-06-10 17:00:00', '2026-06-10 17:00:00'),
(624, 79, '1911.01', 'akumulasi penyusutan Mesin 130tumpuk', NULL, 'aktif', 'debet', NULL, '2026-06-10 17:00:00', '2026-06-10 17:00:00'),
(625, 80, '1912.01', 'akumulasi penyusutan 2 Meter Rotary(130)', NULL, 'aktif', 'debet', NULL, '2026-06-10 17:00:00', '2026-06-10 17:00:00'),
(626, 81, '1913.01', 'akumulasi penyusutan Mesin 130 (msn baru)', NULL, 'aktif', 'debet', NULL, '2026-06-10 17:00:00', '2026-06-10 17:00:00'),
(627, 82, '1914.01', 'akumulasi penyusutan Mesin Splindeles 260', NULL, 'aktif', 'debet', NULL, '2026-06-10 17:00:00', '2026-06-10 17:00:00'),
(628, 83, '1915.01', 'akumulasi penyusutan Mesin Rotary  260', NULL, 'aktif', 'debet', NULL, '2026-06-10 17:00:00', '2026-06-10 17:00:00'),
(629, 84, '1916.01', 'akumulasi penyusutan Mesin Rotary  260(msn meranti)', NULL, 'aktif', 'debet', NULL, '2026-06-10 17:00:00', '2026-06-10 17:00:00'),
(630, 85, '1917.01', 'akumulasi penyusutan Mesin 260 Round up ', NULL, 'aktif', 'debet', NULL, '2026-06-10 17:00:00', '2026-06-10 17:00:00'),
(631, 86, '1918.01', 'akumulasi penyusutan Mesin Asah Pisau', NULL, 'aktif', 'debet', NULL, '2026-06-10 17:00:00', '2026-06-10 17:00:00'),
(632, 87, '1920.01', 'akumulasi penyusutan Mesin Asah Pisau potong', NULL, 'aktif', 'debet', NULL, '2026-06-10 17:00:00', '2026-06-10 17:00:00'),
(633, 88, '1921.01', 'Akumulasi penyusutan Mesin Potong afalan', NULL, 'aktif', 'debet', NULL, '2026-06-10 17:00:00', '2026-06-10 17:00:00'),
(634, 89, '1922.01', 'akumulasi penyusutan Mesin pot aff jelek', NULL, 'aktif', 'debet', NULL, '2026-06-10 17:00:00', '2026-06-10 17:00:00'),
(635, 90, '1923.01', 'akumulasi penyusutan mesin pot tangan', NULL, 'aktif', 'debet', NULL, '2026-06-10 17:00:00', '2026-06-10 17:00:00'),
(636, 91, '1924.01', 'akumulasi penyusutan mesin guletine', NULL, 'aktif', 'debet', NULL, '2026-06-10 17:00:00', '2026-06-10 17:00:00'),
(637, 92, '1925.01', 'akumulasi penyusutan mesin graji multirif', NULL, 'aktif', 'debet', NULL, '2026-06-10 17:00:00', '2026-06-10 17:00:00'),
(638, 93, '1926.01', 'akumulasi penyusutan Mesin  Balokan', NULL, 'aktif', 'debet', NULL, '2026-06-10 17:00:00', '2026-06-10 17:00:00'),
(639, 94, '1927.01', 'akumulasi penyusutan Mesin graji stik', NULL, 'aktif', 'debet', NULL, '2026-06-10 17:00:00', '2026-06-10 17:00:00'),
(640, 95, '1928.01', 'akumulasi penyusutan graji/LC', NULL, 'aktif', 'debet', NULL, '2026-06-10 17:00:00', '2026-06-10 17:00:00'),
(641, 96, '1929.01', 'akumulasi penyusutan Mesin Press LC', NULL, 'aktif', 'debet', NULL, '2026-06-10 17:00:00', '2026-06-10 17:00:00'),
(642, 97, '1930.01', 'akumulasi penyusutan mesin pemanas/tungku', NULL, 'aktif', 'debet', NULL, '2026-06-10 17:00:00', '2026-06-10 17:00:00'),
(643, 98, '1931.01', 'akumulasi penyusutan Mesin  Dreyer', NULL, 'aktif', 'debet', NULL, '2026-06-10 17:00:00', '2026-06-10 17:00:00'),
(644, 99, '1932.01', 'akumulasi penyusutanpengeringan (Kedi)', NULL, 'aktif', 'debet', NULL, '2026-06-10 17:00:00', '2026-06-10 17:00:00'),
(645, 100, '1933.01', 'Akumulasi penyusutan mesin continous', NULL, 'aktif', 'debet', NULL, '2026-06-10 17:00:00', '2026-06-10 17:00:00'),
(646, 101, '1934.01', 'akumulasi penyusutan Mesin Pengaduk Lem', NULL, 'aktif', 'debet', NULL, '2026-06-10 17:00:00', '2026-06-10 17:00:00'),
(647, 102, '1935.01', 'akumulasi penyusutan glue', NULL, 'aktif', 'debet', NULL, '2026-06-10 17:00:00', '2026-06-10 17:00:00'),
(648, 103, '1936.01', 'akumulasi penyusutan Mesin Press/hp', NULL, 'aktif', 'debet', NULL, '2026-06-10 17:00:00', '2026-06-10 17:00:00'),
(649, 104, '1937.01', 'akumulasi penyusutan mesin graji  triplek', NULL, 'aktif', 'debet', NULL, '2026-06-10 17:00:00', '2026-06-10 17:00:00'),
(650, 105, '1938.01', 'akumulasi penyusutan Mesin Dep Sander', NULL, 'aktif', 'debet', NULL, '2026-06-10 17:00:00', '2026-06-10 17:00:00'),
(651, 106, '1939.01', 'akumulasi penyusutan Forklift TCM (ada di gudang setran)', NULL, 'aktif', 'debet', NULL, '2026-06-10 17:00:00', '2026-06-10 17:00:00'),
(652, 107, '1940.01', 'akumulasi penyusutan Forklift BAULY', NULL, 'aktif', 'debet', NULL, '2026-06-10 17:00:00', '2026-06-10 17:00:00'),
(653, 108, '1941.01', 'akumulasi penyusutan Forklift TOYOYA', NULL, 'aktif', 'debet', NULL, '2026-06-10 17:00:00', '2026-06-10 17:00:00'),
(654, 109, '1942.01', 'akumulasi penyusutan fuso long  (N 9520 EG)', NULL, 'aktif', 'debet', NULL, '2026-06-10 17:00:00', '2026-06-10 17:00:00'),
(655, 110, '1943.01', 'akumulasi penyusutan fuso kecil (N 9287 GE)', NULL, 'aktif', 'debet', NULL, '2026-06-10 17:00:00', '2026-06-10 17:00:00'),
(656, 111, '1944.01', 'akumulasi penyusutan trek  ( N 8831 G)', NULL, 'aktif', 'debet', NULL, '2026-06-10 17:00:00', '2026-06-10 17:00:00'),
(657, 112, '1945.01', 'akumulasi penyusutan delta ( N 9388 GB)', NULL, 'aktif', 'debet', NULL, '2026-06-10 17:00:00', '2026-06-10 17:00:00'),
(658, 113, '1946.01', 'akumulasi penyusutan L 300 baru(N 9664 GF )', NULL, 'aktif', 'debet', NULL, '2026-06-10 17:00:00', '2026-06-10 17:00:00'),
(659, 114, '1947.01', 'akumulasi penyusutan L 300 (N 9520 GC )', NULL, 'aktif', 'debet', NULL, '2026-06-10 17:00:00', '2026-06-10 17:00:00'),
(660, 115, '1948.01', 'akumulasi penyusutan tata ( N 8057 GE )', NULL, 'aktif', 'debet', NULL, '2026-06-10 17:00:00', '2026-06-10 17:00:00'),
(661, 116, '1949.01', 'akumulasi penyusutan zebra', NULL, 'aktif', 'debet', NULL, '2026-06-10 17:00:00', '2026-06-10 17:00:00'),
(662, 117, '1950.01', 'akumulasi penyusutan inova 2012', NULL, 'aktif', 'debet', NULL, '2026-06-10 17:00:00', '2026-06-10 17:00:00'),
(663, 118, '1951.01', 'akumulasi mesin wood pellet @set', NULL, 'aktif', 'debet', NULL, '2026-06-10 17:00:00', '2026-06-10 17:00:00'),
(664, 119, '1952.01', 'akumulasi penyusutan KIJANG(N 0958 GL)', NULL, 'aktif', 'debet', NULL, '2026-06-10 17:00:00', '2026-06-10 17:00:00'),
(665, 120, '1953.01', 'akumulasi penyusutan revo(N 4741 JR)', NULL, 'aktif', 'debet', NULL, '2026-06-10 17:00:00', '2026-06-10 17:00:00'),
(666, 121, '1954.01', 'Akumulasi penyusutan JUPITER Yamaha (N 3158 ECB)', NULL, 'aktif', 'debet', NULL, '2026-06-10 17:00:00', '2026-06-10 17:00:00'),
(667, 122, '1955.01', 'Akumulasi penyusutan SUPRA(N 3009 HHB)', NULL, 'aktif', 'debet', NULL, '2026-06-10 17:00:00', '2026-06-10 17:00:00'),
(668, 123, '1956.01', 'Akumulasi penyusutan MIO(AG 2198 GW)', NULL, 'aktif', 'debet', NULL, '2026-06-10 17:00:00', '2026-06-10 17:00:00'),
(669, 124, '1957.01', 'penyusutan dam truk (N 8238 BJ)', NULL, 'aktif', 'debet', NULL, '2026-06-10 17:00:00', '2026-06-10 17:00:00'),
(670, 125, '1958.01', 'akumulasi penyusutan Forklift TOYOYA', NULL, 'aktif', 'debet', NULL, '2026-06-10 17:00:00', '2026-06-10 17:00:00'),
(671, 126, '1959.01', 'penyusutan sepeda listrik', NULL, 'aktif', 'debet', NULL, '2026-06-10 17:00:00', '2026-06-10 17:00:00'),
(672, 126, '1959.02', 'mobil ayla', NULL, 'aktif', 'debet', NULL, '2026-06-10 17:00:00', '2026-06-10 17:00:00'),
(673, 135, '2220.01', 'hutang ke bu edi', NULL, 'aktif', 'debet', NULL, '2026-06-10 17:00:00', '2026-06-10 17:00:00'),
(674, 139, '2250.01', 'Hutang LEM ARUKI (PT Arjuna utama kimia)', NULL, 'aktif', 'debet', NULL, '2026-06-10 17:00:00', '2026-06-10 17:00:00'),
(675, 141, '2270.01', 'Hutang LEM DOVER', NULL, 'aktif', 'debet', NULL, '2026-06-10 17:00:00', '2026-06-10 17:00:00'),
(676, 141, '2270.02', 'Hutang PT PRANIDANA // Kanefusa(sulasi coklat)', NULL, 'aktif', 'debet', NULL, '2026-06-10 17:00:00', '2026-06-10 17:00:00'),
(677, 141, '2270.03', 'Hutang bahtra indo amplas(amplas)', NULL, 'aktif', 'debet', NULL, '2026-06-10 17:00:00', '2026-06-10 17:00:00'),
(678, 141, '2270.04', 'Hutang Dewata Industri (viner meranti)', NULL, 'aktif', 'debet', NULL, '2026-06-10 17:00:00', '2026-06-10 17:00:00'),
(679, 141, '2270.05', 'hutang Rukun', NULL, 'aktif', 'debet', NULL, '2026-06-10 17:00:00', '2026-06-10 17:00:00'),
(680, 141, '2270.06', 'hutang Wijaya', NULL, 'aktif', 'debet', NULL, '2026-06-10 17:00:00', '2026-06-10 17:00:00'),
(681, 141, '2270.07', 'hutang konishi', NULL, 'aktif', 'debet', NULL, '2026-06-10 17:00:00', '2026-06-10 17:00:00'),
(682, 141, '2270.08', 'hutang nyoto/fung ik', NULL, 'aktif', 'debet', NULL, '2026-06-10 17:00:00', '2026-06-10 17:00:00'),
(683, 141, '2270.09', 'Hutang Ustegra', NULL, 'aktif', 'debet', NULL, '2026-06-10 17:00:00', '2026-06-10 17:00:00'),
(684, 141, '2270.10', 'hutang Ongkos Pengeringan', NULL, 'aktif', 'debet', NULL, '2026-06-10 17:00:00', '2026-06-10 17:00:00'),
(685, 141, '2270.11', 'hutang garuda', NULL, 'aktif', 'debet', NULL, '2026-06-10 17:00:00', '2026-06-10 17:00:00'),
(686, 141, '2270.12', 'Hutang Sinar mas', NULL, 'aktif', 'debet', NULL, '2026-06-10 17:00:00', '2026-06-10 17:00:00'),
(687, 141, '2270.13', 'hutang Widya Karya (roll)', NULL, 'aktif', 'debet', NULL, '2026-06-10 17:00:00', '2026-06-10 17:00:00'),
(688, 141, '2270.14', 'Hutang mapan makmur mandiri', NULL, 'aktif', 'debet', NULL, '2026-06-10 17:00:00', '2026-06-10 17:00:00'),
(689, 141, '2270.15', 'hutang WPI ', NULL, 'aktif', 'debet', NULL, '2026-06-10 17:00:00', '2026-06-10 17:00:00'),
(690, 141, '2270.16', 'hutang bingkil suka aman', NULL, 'aktif', 'debet', NULL, '2026-06-10 17:00:00', '2026-06-10 17:00:00'),
(691, 141, '2270.17', 'hutang Jatmiko Cipta Karya', NULL, 'aktif', 'debet', NULL, '2026-06-10 17:00:00', '2026-06-10 17:00:00'),
(692, 141, '2270.18', 'hutang Daya Cipta Andalan Persada', NULL, 'aktif', 'debet', NULL, '2026-06-10 17:00:00', '2026-06-10 17:00:00'),
(693, 141, '2270.19', 'hutang rukun mandiri perkasa', NULL, 'aktif', 'debet', NULL, '2026-06-10 17:00:00', '2026-06-10 17:00:00'),
(694, 141, '2270.20', 'hutang Asian Beriando Jaya', NULL, 'aktif', 'debet', NULL, '2026-06-10 17:00:00', '2026-06-10 17:00:00'),
(695, 141, '2270.21', 'Hutang Anugerah Jaya Motor', NULL, 'aktif', 'debet', NULL, '2026-06-10 17:00:00', '2026-06-10 17:00:00'),
(696, 141, '2270.22', 'hutang Karya Serbuk Mas', NULL, 'aktif', 'debet', NULL, '2026-06-10 17:00:00', '2026-06-10 17:00:00'),
(697, 141, '2270.23', 'hutang Powerindo Nusantara', NULL, 'aktif', 'debet', NULL, '2026-06-10 17:00:00', '2026-06-10 17:00:00'),
(698, 141, '2270.24', 'Hutang Surabaya Oli Hidrolis', NULL, 'aktif', 'debet', NULL, '2026-06-10 17:00:00', '2026-06-10 17:00:00'),
(699, 141, '2270.25', 'Hutang PT RJP ( Rimba Jembrana Perkasa )', NULL, 'aktif', 'debet', NULL, '2026-06-10 17:00:00', '2026-06-10 17:00:00'),
(700, 141, '2270.26', 'Hutang DOVER BARANG', NULL, 'aktif', 'debet', NULL, '2026-06-10 17:00:00', '2026-06-10 17:00:00'),
(701, 141, '2270.27', 'hutang Ramayana Indah', NULL, 'aktif', 'debet', NULL, '2026-06-10 17:00:00', '2026-06-10 17:00:00'),
(702, 141, '2270.28', 'Hutang Ming Surabaya', NULL, 'aktif', 'debet', NULL, '2026-06-10 17:00:00', '2026-06-10 17:00:00'),
(703, 141, '2270.29', 'hutang Prima Sakti', NULL, 'aktif', 'debet', NULL, '2026-06-10 17:00:00', '2026-06-10 17:00:00'),
(704, 141, '2270.30', 'hutang surabaya laminating', NULL, 'aktif', 'debet', NULL, '2026-06-10 17:00:00', '2026-06-10 17:00:00'),
(705, 141, '2270.31', 'Hutang pamindo', NULL, 'aktif', 'debet', NULL, '2026-06-10 17:00:00', '2026-06-10 17:00:00'),
(706, 219, '2271.08', 'Hutang CV Maju Jaya Playwood', NULL, 'aktif', 'debet', NULL, '2026-06-10 17:00:00', '2026-06-10 17:00:00'),
(707, 219, '2271.09', 'Hutang Nusantara Sinar Timur', NULL, 'aktif', 'debet', NULL, '2026-06-10 17:00:00', '2026-06-10 17:00:00'),
(708, 219, '2271.10', 'Hutang PT Pakindo Jaya Perkasa', NULL, 'aktif', 'debet', NULL, '2026-06-10 17:00:00', '2026-06-10 17:00:00'),
(709, 219, '2271.11', 'Hutang SDS Surabaya', NULL, 'aktif', 'debet', NULL, '2026-06-10 17:00:00', '2026-06-10 17:00:00'),
(710, 219, '2271.12', 'Hutang skylo bintang indonesia', NULL, 'aktif', 'debet', NULL, '2026-06-10 17:00:00', '2026-06-10 17:00:00'),
(711, 219, '2271.13', 'hutang ruko dyson', NULL, 'aktif', 'debet', NULL, '2026-06-10 17:00:00', '2026-06-10 17:00:00'),
(712, 219, '2271.14', 'hutang ruko ina', NULL, 'aktif', 'debet', NULL, '2026-06-10 17:00:00', '2026-06-10 17:00:00'),
(713, 220, '2300.10', 'hutang hanero', NULL, 'aktif', 'debet', NULL, '2026-06-10 17:00:00', '2026-06-10 17:00:00'),
(714, 220, '2300.20', 'Hutang P Tri', NULL, 'aktif', 'debet', NULL, '2026-06-10 17:00:00', '2026-06-10 17:00:00'),
(715, 220, '2300.30', 'hutang kandang setran', NULL, 'aktif', 'debet', NULL, '2026-06-10 17:00:00', '2026-06-10 17:00:00'),
(716, 220, '2300.40', 'Hutang Rumah Lawang', NULL, 'aktif', 'debet', NULL, '2026-06-10 17:00:00', '2026-06-10 17:00:00'),
(717, 221, '2400.01', 'hutang ongkos turun kayu', NULL, 'aktif', 'debet', NULL, '2026-06-10 17:00:00', '2026-06-10 17:00:00'),
(718, 221, '2400.02', 'hutang tunai', NULL, 'aktif', 'debet', NULL, '2026-06-10 17:00:00', '2026-06-10 17:00:00'),
(719, 221, '2400.03', 'hutang cicilan', NULL, 'aktif', 'debet', NULL, '2026-06-10 17:00:00', '2026-06-10 17:00:00'),
(720, 221, '2400.04', 'hutang deon', NULL, 'aktif', 'debet', NULL, '2026-06-10 17:00:00', '2026-06-10 17:00:00'),
(721, 221, '2400.05', 'hutang deerfos(amplas)', NULL, 'aktif', 'debet', NULL, '2026-06-10 17:00:00', '2026-06-10 17:00:00'),
(722, 221, '2400.06', 'sukses duta utama(sulasi coklat)', NULL, 'aktif', 'debet', NULL, '2026-06-10 17:00:00', '2026-06-10 17:00:00'),
(723, 221, '2400.07', 'hutang timur jaya', NULL, 'aktif', 'debet', NULL, '2026-06-10 17:00:00', '2026-06-10 17:00:00'),
(724, 221, '2400.08', 'hutang sari argo', NULL, 'aktif', 'debet', NULL, '2026-06-10 17:00:00', '2026-06-10 17:00:00'),
(725, 221, '2400.09', 'hutang pak adi', NULL, 'aktif', 'debet', NULL, '2026-06-10 17:00:00', '2026-06-10 17:00:00'),
(726, 221, '2400.10', 'hutang haryono // vivi', NULL, 'aktif', 'debet', NULL, '2026-06-10 17:00:00', '2026-06-10 17:00:00'),
(727, 221, '2400.11', 'hutang kusaini u / lapangan tembak', NULL, 'aktif', 'debet', NULL, '2026-06-10 17:00:00', '2026-06-10 17:00:00'),
(728, 221, '2400.12', 'hutang gudang setran (wahana)', NULL, 'aktif', 'debet', NULL, '2026-06-10 17:00:00', '2026-06-10 17:00:00'),
(729, 221, '2400.13', 'hutang dwidaya', NULL, 'aktif', 'debet', NULL, '2026-06-10 17:00:00', '2026-06-10 17:00:00'),
(730, 221, '2400.98', 'hutang JMP', NULL, 'aktif', 'debet', NULL, '2026-06-10 17:00:00', '2026-06-10 17:00:00'),
(731, 221, '2400.99', 'hutang PPN', NULL, 'aktif', 'debet', NULL, '2026-06-10 17:00:00', '2026-06-10 17:00:00'),
(732, 222, '3000.10', 'modal kamulan', NULL, 'aktif', 'debet', NULL, '2026-06-10 17:00:00', '2026-06-10 17:00:00'),
(733, 149, '4111.01', 'Triplek 3ml Sengon', NULL, 'aktif', 'debet', NULL, '2026-06-10 17:00:00', '2026-06-10 17:00:00'),
(734, 149, '4111.02', 'Triplek 4ml Sengon', NULL, 'aktif', 'debet', NULL, '2026-06-10 17:00:00', '2026-06-10 17:00:00'),
(735, 149, '4111.03', 'Triplek 5ml Sengon', NULL, 'aktif', 'debet', NULL, '2026-06-10 17:00:00', '2026-06-10 17:00:00'),
(736, 149, '4111.04', 'Triplek 8ml Sengon', NULL, 'aktif', 'debet', NULL, '2026-06-10 17:00:00', '2026-06-10 17:00:00'),
(737, 149, '4111.05', 'Triplek 9ml Sengon', NULL, 'aktif', 'debet', NULL, '2026-06-10 17:00:00', '2026-06-10 17:00:00'),
(738, 149, '4111.06', 'Triplek 12ml Sengon', NULL, 'aktif', 'debet', NULL, '2026-06-10 17:00:00', '2026-06-10 17:00:00'),
(739, 149, '4111.07', 'Triplek 15ml Sengon', NULL, 'aktif', 'debet', NULL, '2026-06-10 17:00:00', '2026-06-10 17:00:00'),
(740, 149, '4111.08', 'Triplek 18ml Sengon', NULL, 'aktif', 'debet', NULL, '2026-06-10 17:00:00', '2026-06-10 17:00:00'),
(741, 149, '4111.09', 'Triplek 30ml Sengon', NULL, 'aktif', 'debet', NULL, '2026-06-10 17:00:00', '2026-06-10 17:00:00'),
(742, 149, '4111.10', 'Triplek 3ml Meranti', NULL, 'aktif', 'debet', NULL, '2026-06-10 17:00:00', '2026-06-10 17:00:00'),
(743, 149, '4111.11', 'Triplek 4ml Meranti', NULL, 'aktif', 'debet', NULL, '2026-06-10 17:00:00', '2026-06-10 17:00:00'),
(744, 149, '4111.12', 'Triplek 5ml Meranti', NULL, 'aktif', 'debet', NULL, '2026-06-10 17:00:00', '2026-06-10 17:00:00'),
(745, 149, '4111.13', 'Triplek 8ml Meranti', NULL, 'aktif', 'debet', NULL, '2026-06-10 17:00:00', '2026-06-10 17:00:00'),
(746, 149, '4111.14', 'Triplek 9ml Meranti', NULL, 'aktif', 'debet', NULL, '2026-06-10 17:00:00', '2026-06-10 17:00:00'),
(747, 149, '4111.15', 'Triplek 11ml Meranti', NULL, 'aktif', 'debet', NULL, '2026-06-10 17:00:00', '2026-06-10 17:00:00'),
(748, 149, '4111.16', 'Triplek 12ml Meranti', NULL, 'aktif', 'debet', NULL, '2026-06-10 17:00:00', '2026-06-10 17:00:00'),
(749, 149, '4111.17', 'Triplek 15ml Meranti', NULL, 'aktif', 'debet', NULL, '2026-06-10 17:00:00', '2026-06-10 17:00:00'),
(750, 149, '4111.18', 'Triplek 18ml Meranti', NULL, 'aktif', 'debet', NULL, '2026-06-10 17:00:00', '2026-06-10 17:00:00'),
(751, 149, '4111.19', 'Triplek 30ml Meranti', NULL, 'aktif', 'debet', NULL, '2026-06-10 17:00:00', '2026-06-10 17:00:00'),
(752, 149, '4111.20', 'Triplek 3ml Full Meranti', NULL, 'aktif', 'debet', NULL, '2026-06-10 17:00:00', '2026-06-10 17:00:00'),
(753, 149, '4111.21', 'Triplek 4ml Full Meranti', NULL, 'aktif', 'debet', NULL, '2026-06-10 17:00:00', '2026-06-10 17:00:00'),
(754, 149, '4111.22', 'Triplek 5ml Full Meranti', NULL, 'aktif', 'debet', NULL, '2026-06-10 17:00:00', '2026-06-10 17:00:00'),
(755, 149, '4111.23', 'Triplek 8ml Full Meranti', NULL, 'aktif', 'debet', NULL, '2026-06-10 17:00:00', '2026-06-10 17:00:00'),
(756, 149, '4111.24', 'Triplek 9ml Full Meranti', NULL, 'aktif', 'debet', NULL, '2026-06-10 17:00:00', '2026-06-10 17:00:00'),
(757, 149, '4111.25', 'Triplek 11ml Full Meranti', NULL, 'aktif', 'debet', NULL, '2026-06-10 17:00:00', '2026-06-10 17:00:00'),
(758, 149, '4111.26', 'Triplek 12ml Full Meranti', NULL, 'aktif', 'debet', NULL, '2026-06-10 17:00:00', '2026-06-10 17:00:00'),
(759, 149, '4111.27', 'Triplek 15ml Full Meranti', NULL, 'aktif', 'debet', NULL, '2026-06-10 17:00:00', '2026-06-10 17:00:00'),
(760, 149, '4111.28', 'Triplek 18ml Full Meranti', NULL, 'aktif', 'debet', NULL, '2026-06-10 17:00:00', '2026-06-10 17:00:00'),
(761, 149, '4111.29', 'Triplek 30ml Full Meranti', NULL, 'aktif', 'debet', NULL, '2026-06-10 17:00:00', '2026-06-10 17:00:00'),
(762, 149, '4111.30', 'Triplek 3ml m A', NULL, 'aktif', 'debet', NULL, '2026-06-10 17:00:00', '2026-06-10 17:00:00'),
(763, 149, '4111.31', 'Triplek 4ml m A', NULL, 'aktif', 'debet', NULL, '2026-06-10 17:00:00', '2026-06-10 17:00:00'),
(764, 149, '4111.32', 'Triplek 5ml m A', NULL, 'aktif', 'debet', NULL, '2026-06-10 17:00:00', '2026-06-10 17:00:00'),
(765, 149, '4111.33', 'Triplek 8ml m A', NULL, 'aktif', 'debet', NULL, '2026-06-10 17:00:00', '2026-06-10 17:00:00'),
(766, 149, '4111.34', 'Triplek 9ml m A', NULL, 'aktif', 'debet', NULL, '2026-06-10 17:00:00', '2026-06-10 17:00:00'),
(767, 149, '4111.35', 'Triplek 11ml m A', NULL, 'aktif', 'debet', NULL, '2026-06-10 17:00:00', '2026-06-10 17:00:00'),
(768, 149, '4111.36', 'Triplek 12ml m A', NULL, 'aktif', 'debet', NULL, '2026-06-10 17:00:00', '2026-06-10 17:00:00'),
(769, 149, '4111.37', 'Triplek 15ml m A', NULL, 'aktif', 'debet', NULL, '2026-06-10 17:00:00', '2026-06-10 17:00:00'),
(770, 149, '4111.38', 'Triplek 18ml M A', NULL, 'aktif', 'debet', NULL, '2026-06-10 17:00:00', '2026-06-10 17:00:00'),
(771, 149, '4111.39', 'Triplek 30ml ml M A', NULL, 'aktif', 'debet', NULL, '2026-06-10 17:00:00', '2026-06-10 17:00:00'),
(772, 149, '4111.40', 'Triplek 15ml Sengon BB', NULL, 'aktif', 'debet', NULL, '2026-06-10 17:00:00', '2026-06-10 17:00:00'),
(773, 149, '4111.41', 'Triplek 18ml Sengon BB', NULL, 'aktif', 'debet', NULL, '2026-06-10 17:00:00', '2026-06-10 17:00:00'),
(774, 149, '4111.42', 'Triplek 15ml Meranti BB', NULL, 'aktif', 'debet', NULL, '2026-06-10 17:00:00', '2026-06-10 17:00:00'),
(775, 149, '4111.43', 'Triplek 18ml Meranti BB', NULL, 'aktif', 'debet', NULL, '2026-06-10 17:00:00', '2026-06-10 17:00:00'),
(776, 149, '4111.44', 'Triplek 8ml Sengon Rasor', NULL, 'aktif', 'debet', NULL, '2026-06-10 17:00:00', '2026-06-10 17:00:00'),
(777, 149, '4111.45', 'Triplek 9ml Sengon Rasor', NULL, 'aktif', 'debet', NULL, '2026-06-10 17:00:00', '2026-06-10 17:00:00'),
(778, 149, '4111.46', 'Triplek 12ml Sengon Rasor', NULL, 'aktif', 'debet', NULL, '2026-06-10 17:00:00', '2026-06-10 17:00:00'),
(779, 149, '4111.47', 'Triplek 15ml Sengon Rasor', NULL, 'aktif', 'debet', NULL, '2026-06-10 17:00:00', '2026-06-10 17:00:00'),
(780, 149, '4111.48', 'Triplek 8ml Meranti Rasor', NULL, 'aktif', 'debet', NULL, '2026-06-10 17:00:00', '2026-06-10 17:00:00'),
(781, 149, '4111.49', 'Triplek 11ml Meranti Rasor', NULL, 'aktif', 'debet', NULL, '2026-06-10 17:00:00', '2026-06-10 17:00:00'),
(782, 149, '4111.50', 'Triplek 12ml Meranti Rasor', NULL, 'aktif', 'debet', NULL, '2026-06-10 17:00:00', '2026-06-10 17:00:00'),
(783, 149, '4111.51', 'Triplek 15ml Meranti Rasor', NULL, 'aktif', 'debet', NULL, '2026-06-10 17:00:00', '2026-06-10 17:00:00'),
(784, 149, '4111.52', 'Triplek 8ml Sengon R', NULL, 'aktif', 'debet', NULL, '2026-06-10 17:00:00', '2026-06-10 17:00:00'),
(785, 149, '4111.53', 'Triplek 9ml Sengon R', NULL, 'aktif', 'debet', NULL, '2026-06-10 17:00:00', '2026-06-10 17:00:00'),
(786, 149, '4111.54', 'Triplek 12ml Sengon R', NULL, 'aktif', 'debet', NULL, '2026-06-10 17:00:00', '2026-06-10 17:00:00'),
(787, 149, '4111.55', 'Triplek 15ml Sengon R', NULL, 'aktif', 'debet', NULL, '2026-06-10 17:00:00', '2026-06-10 17:00:00'),
(788, 149, '4111.56', 'Triplek 8ml Meranti R', NULL, 'aktif', 'debet', NULL, '2026-06-10 17:00:00', '2026-06-10 17:00:00'),
(789, 149, '4111.57', 'Triplek 9ml Meranti R', NULL, 'aktif', 'debet', NULL, '2026-06-10 17:00:00', '2026-06-10 17:00:00'),
(790, 149, '4111.58', 'Triplek 12ml Meranti R', NULL, 'aktif', 'debet', NULL, '2026-06-10 17:00:00', '2026-06-10 17:00:00'),
(791, 149, '4111.59', 'Triplek 15ml Meranti R', NULL, 'aktif', 'debet', NULL, '2026-06-10 17:00:00', '2026-06-10 17:00:00'),
(792, 149, '4111.60', 'Triplek 8ml Sengon R A', NULL, 'aktif', 'debet', NULL, '2026-06-10 17:00:00', '2026-06-10 17:00:00'),
(793, 149, '4111.61', 'Triplek 9ml Sengon R A', NULL, 'aktif', 'debet', NULL, '2026-06-10 17:00:00', '2026-06-10 17:00:00'),
(794, 149, '4111.62', 'Triplek 12ml Sengon R A', NULL, 'aktif', 'debet', NULL, '2026-06-10 17:00:00', '2026-06-10 17:00:00'),
(795, 149, '4111.63', 'Triplek 15ml Sengon R A', NULL, 'aktif', 'debet', NULL, '2026-06-10 17:00:00', '2026-06-10 17:00:00'),
(796, 149, '4111.64', 'Triplek 8ml Meranti R A', NULL, 'aktif', 'debet', NULL, '2026-06-10 17:00:00', '2026-06-10 17:00:00'),
(797, 149, '4111.65', 'Triplek 9ml Meranti R A', NULL, 'aktif', 'debet', NULL, '2026-06-10 17:00:00', '2026-06-10 17:00:00'),
(798, 149, '4111.66', 'Triplek 12ml Meranti R A', NULL, 'aktif', 'debet', NULL, '2026-06-10 17:00:00', '2026-06-10 17:00:00'),
(799, 149, '4111.67', 'Triplek 15ml Meranti R A', NULL, 'aktif', 'debet', NULL, '2026-06-10 17:00:00', '2026-06-10 17:00:00'),
(800, 149, '4111.68', '5 meisho', NULL, 'aktif', 'debet', NULL, '2026-06-10 17:00:00', '2026-06-10 17:00:00'),
(801, 149, '4111.69', 'triplex 9 ml R A (102) (96)', NULL, 'aktif', 'debet', NULL, '2026-06-10 17:00:00', '2026-06-10 17:00:00'),
(802, 149, '4111.70', 'triplex 15 m A (141)', NULL, 'aktif', 'debet', NULL, '2026-06-10 17:00:00', '2026-06-10 17:00:00'),
(803, 149, '4111.71', 'triplex 15 ml sbb sengon (136)', NULL, 'aktif', 'debet', NULL, '2026-06-10 17:00:00', '2026-06-10 17:00:00'),
(804, 149, '4111.72', 'triplek 15 ml mbb meranti (141)', NULL, 'aktif', 'debet', NULL, '2026-06-10 17:00:00', '2026-06-10 17:00:00'),
(805, 149, '4111.73', 'Triplek 3ml sengon 3 x7', NULL, 'aktif', 'debet', NULL, '2026-06-10 17:00:00', '2026-06-10 17:00:00'),
(806, 149, '4111.74', 'Triplek 62x51x2 lp', NULL, 'aktif', 'debet', NULL, '2026-06-10 17:00:00', '2026-06-10 17:00:00'),
(807, 149, '4111.75', 'Triplek 18 fm jabon ', NULL, 'aktif', 'debet', NULL, '2026-06-10 17:00:00', '2026-06-10 17:00:00'),
(808, 149, '4111.76', 'Triplek 20 ml full meranti', NULL, 'aktif', 'debet', NULL, '2026-06-10 17:00:00', '2026-06-10 17:00:00'),
(809, 177, '5301.10', 'beban bulanan', NULL, 'aktif', 'debet', NULL, '2026-06-10 17:00:00', '2026-06-10 17:00:00'),
(810, 177, '5301.20', 'bpjs', NULL, 'aktif', 'debet', NULL, '2026-06-10 17:00:00', '2026-06-10 17:00:00'),
(811, 223, '5601.10', 'beban kecelakaan ', NULL, 'aktif', 'debet', NULL, '2026-06-10 17:00:00', '2026-06-10 17:00:00'),
(812, 190, '5630.01', 'beban produksi dryer (tungku)', NULL, 'aktif', 'debet', NULL, '2026-06-10 17:00:00', '2026-06-10 17:00:00'),
(813, 198, '5800.02', 'Beban Ongkos', NULL, 'aktif', 'debet', NULL, '2026-06-10 17:00:00', '2026-06-10 17:00:00'),
(814, 198, '5800.03', 'kayu bakar', NULL, 'aktif', 'debet', NULL, '2026-06-10 17:00:00', '2026-06-10 17:00:00'),
(815, 199, '5810.10', 'beban perawatan listrik', NULL, 'aktif', 'debet', NULL, '2026-06-10 17:00:00', '2026-06-10 17:00:00'),
(816, 204, '5900.01', 'beban pajak bunga bank', NULL, 'aktif', 'debet', NULL, '2026-06-10 17:00:00', '2026-06-10 17:00:00'),
(817, 204, '5900.02', 'Pajak Budi', NULL, 'aktif', 'debet', NULL, '2026-06-10 17:00:00', '2026-06-10 17:00:00'),
(818, 3, '1111.00', 'Kas Mut', NULL, 'aktif', 'debet', NULL, '2026-06-10 17:00:00', '2026-06-10 17:00:00'),
(819, 4, '1112.00', 'Kas Bu Eddy', NULL, 'aktif', 'debet', NULL, '2026-06-10 17:00:00', '2026-06-10 17:00:00'),
(820, 5, '1120.00', 'Kas 2', NULL, 'aktif', 'debet', NULL, '2026-06-10 17:00:00', '2026-06-10 17:00:00'),
(821, 6, '1130.00', 'Kas 3', NULL, 'aktif', 'debet', NULL, '2026-06-10 17:00:00', '2026-06-10 17:00:00'),
(822, 7, '1140.00', 'Kas 4', NULL, 'aktif', 'debet', NULL, '2026-06-10 17:00:00', '2026-06-10 17:00:00'),
(823, 8, '1150.00', 'Kas 5', NULL, 'aktif', 'debet', NULL, '2026-06-10 17:00:00', '2026-06-10 17:00:00'),
(824, 9, '1160.00', 'kas setran', NULL, 'aktif', 'debet', NULL, '2026-06-10 17:00:00', '2026-06-10 17:00:00'),
(825, 10, '1170.00', 'kas lahan', NULL, 'aktif', 'debet', NULL, '2026-06-10 17:00:00', '2026-06-10 17:00:00'),
(826, 11, '1180.00', 'kas ruko', NULL, 'aktif', 'debet', NULL, '2026-06-10 17:00:00', '2026-06-10 17:00:00'),
(827, 13, '1201.00', 'BANK 999', NULL, 'aktif', 'debet', NULL, '2026-06-10 17:00:00', '2026-06-10 17:00:00'),
(828, 14, '1202.00', 'BANK INDUSTRI', NULL, 'aktif', 'debet', NULL, '2026-06-10 17:00:00', '2026-06-10 17:00:00'),
(829, 15, '1203.00', 'BANK WAHANA', NULL, 'aktif', 'debet', NULL, '2026-06-10 17:00:00', '2026-06-10 17:00:00'),
(830, 16, '1204.00', 'BANK BU EDDY', NULL, 'aktif', 'debet', NULL, '2026-06-10 17:00:00', '2026-06-10 17:00:00'),
(831, 17, '1210.00', 'Bank', NULL, 'aktif', 'debet', NULL, '2026-06-10 17:00:00', '2026-06-10 17:00:00'),
(832, 19, '1253.00', 'LABA/RUGI mingguan', NULL, 'aktif', 'debet', NULL, '2026-06-10 17:00:00', '2026-06-10 17:00:00'),
(833, 20, '1254.00', 'kas bon HARTONO ', NULL, 'aktif', 'debet', NULL, '2026-06-10 17:00:00', '2026-06-10 17:00:00'),
(834, 22, '1310.00', 'piutang keluar', NULL, 'aktif', 'debet', NULL, '2026-06-10 17:00:00', '2026-06-10 17:00:00'),
(835, 25, '1414.00', 'log core 130 WHN', NULL, 'aktif', 'debet', NULL, '2026-06-10 17:00:00', '2026-06-10 17:00:00'),
(836, 33, '1430.00', 'Veneer Kering', NULL, 'aktif', 'debet', NULL, '2026-06-10 17:00:00', '2026-06-10 17:00:00'),
(837, 57, '1510.00', 'Plywood Sengon Tipis', NULL, 'aktif', 'debet', NULL, '2026-06-10 17:00:00', '2026-06-10 17:00:00'),
(838, 58, '1520.00', 'Plywood Sengon Tebal', NULL, 'aktif', 'debet', NULL, '2026-06-10 17:00:00', '2026-06-10 17:00:00'),
(839, 59, '1530.00', 'Plywood Semi tipis', NULL, 'aktif', 'debet', NULL, '2026-06-10 17:00:00', '2026-06-10 17:00:00'),
(840, 60, '1540.00', 'Plywood Meranti Tebal', NULL, 'aktif', 'debet', NULL, '2026-06-10 17:00:00', '2026-06-10 17:00:00'),
(841, 61, '1550.00', 'Block Board', NULL, 'aktif', 'debet', NULL, '2026-06-10 17:00:00', '2026-06-10 17:00:00'),
(842, 62, '1560.00', 'Plywood Lain', NULL, 'aktif', 'debet', NULL, '2026-06-10 17:00:00', '2026-06-10 17:00:00'),
(843, 65, '1710.00', 'peralatan rumah', NULL, 'aktif', 'debet', NULL, '2026-06-10 17:00:00', '2026-06-10 17:00:00'),
(844, 68, '1812.00', 'Bangunan  pabrik  kamulan', NULL, 'aktif', 'debet', NULL, '2026-06-10 17:00:00', '2026-06-10 17:00:00'),
(845, 71, '1822.00', 'Bangunan  ( Depan lapangan tembak )', NULL, 'aktif', 'debet', NULL, '2026-06-10 17:00:00', '2026-06-10 17:00:00'),
(846, 72, '1823.00', 'Bangunan ruko sawojajar', NULL, 'aktif', 'debet', NULL, '2026-06-10 17:00:00', '2026-06-10 17:00:00'),
(847, 73, '1824.00', 'Bangunan ruko surabaya', NULL, 'aktif', 'debet', NULL, '2026-06-10 17:00:00', '2026-06-10 17:00:00'),
(848, 74, '1825.00', 'Bangunan kedi', NULL, 'aktif', 'debet', NULL, '2026-06-10 17:00:00', '2026-06-10 17:00:00'),
(849, 75, '1830.00', 'bangunan setran', NULL, 'aktif', 'debet', NULL, '2026-06-10 17:00:00', '2026-06-10 17:00:00'),
(850, 76, '1840.00', 'bangunan ruko', NULL, 'aktif', 'debet', NULL, '2026-06-10 17:00:00', '2026-06-10 17:00:00'),
(851, 127, '1960.00', 'Forklift', NULL, 'aktif', 'debet', NULL, '2026-06-10 17:00:00', '2026-06-10 17:00:00'),
(852, 128, '1970.00', 'Mobil Angkutan', NULL, 'aktif', 'debet', NULL, '2026-06-10 17:00:00', '2026-06-10 17:00:00'),
(853, 129, '1980.00', 'Mobil Kantor', NULL, 'aktif', 'debet', NULL, '2026-06-10 17:00:00', '2026-06-10 17:00:00'),
(854, 130, '1990.00', 'Sepeda Motor', NULL, 'aktif', 'debet', NULL, '2026-06-10 17:00:00', '2026-06-10 17:00:00');
INSERT INTO `sub_anak_akuns` (`id`, `id_anak_akun`, `kode_sub_anak_akun`, `nama_sub_anak_akun`, `keterangan`, `status`, `saldo_normal`, `created_by`, `created_at`, `updated_at`) VALUES
(855, 132, '2101.00', 'hutang Bank 999', NULL, 'aktif', 'debet', NULL, '2026-06-10 17:00:00', '2026-06-10 17:00:00'),
(856, 134, '2210.00', 'Hutang Gaji', NULL, 'aktif', 'kredit', NULL, '2026-06-10 17:00:00', '2026-06-10 17:00:00'),
(857, 137, '2231.00', 'Hutang Gaji', NULL, 'aktif', 'debet', NULL, '2026-06-10 17:00:00', '2026-06-10 17:00:00'),
(858, 138, '2240.00', 'hutang bunga', NULL, 'aktif', 'kredit', NULL, '2026-06-10 17:00:00', '2026-06-10 17:00:00'),
(859, 140, '2260.00', 'hutang Aruki (tangki)', NULL, 'aktif', 'debet', NULL, '2026-06-10 17:00:00', '2026-06-10 17:00:00'),
(860, 142, '2280.00', 'hutang Dhani', NULL, 'aktif', 'debet', NULL, '2026-06-10 17:00:00', '2026-06-10 17:00:00'),
(861, 143, '2290.00', 'hutang Lahan', NULL, 'aktif', 'debet', NULL, '2026-06-10 17:00:00', '2026-06-10 17:00:00'),
(862, 144, '3100.00', 'Penambahan Modal', NULL, 'aktif', 'kredit', NULL, '2026-06-10 17:00:00', '2026-06-10 17:00:00'),
(863, 145, '3200.00', 'LABA/RUGI thn berjalan', NULL, 'aktif', 'debet', NULL, '2026-06-10 17:00:00', '2026-06-10 17:00:00'),
(864, 147, '4109.00', 'kayu bakar', NULL, 'aktif', 'debet', NULL, '2026-06-10 17:00:00', '2026-06-10 17:00:00'),
(865, 151, '4211.00', 'pendapatan penjualan kayu bakar', NULL, 'aktif', 'debet', NULL, '2026-06-10 17:00:00', '2026-06-10 17:00:00'),
(866, 152, '4212.00', 'pendapatan penjualan logcore', NULL, 'aktif', 'debet', NULL, '2026-06-10 17:00:00', '2026-06-10 17:00:00'),
(867, 153, '4213.00', 'pendapatan penjualan veneer', NULL, 'aktif', 'debet', NULL, '2026-06-10 17:00:00', '2026-06-10 17:00:00'),
(868, 155, '4311.00', 'pendapatan lain lain', NULL, 'aktif', 'debet', NULL, '2026-06-10 17:00:00', '2026-06-10 17:00:00'),
(869, 158, '4411.00', 'Pendapatan Kelebihan Kupasan', NULL, 'aktif', 'debet', NULL, '2026-06-10 17:00:00', '2026-06-10 17:00:00'),
(870, 159, '4412.00', 'Pendapatan Kelebihan viner basah', NULL, 'aktif', 'debet', NULL, '2026-06-10 17:00:00', '2026-06-10 17:00:00'),
(871, 160, '4413.00', 'Pendapatan Kelebihan viner kering (dy)', NULL, 'aktif', 'debet', NULL, '2026-06-10 17:00:00', '2026-06-10 17:00:00'),
(872, 161, '4414.00', 'Pendapatan Kelebihan viner tembel + hotpres', NULL, 'aktif', 'debet', NULL, '2026-06-10 17:00:00', '2026-06-10 17:00:00'),
(873, 162, '4416.00', 'pendapatan kelebihan sending', NULL, 'aktif', 'debet', NULL, '2026-06-10 17:00:00', '2026-06-10 17:00:00'),
(874, 163, '4417.00', 'Pendapatan kelebihan veneer tembel luar', NULL, 'aktif', 'debet', NULL, '2026-06-10 17:00:00', '2026-06-10 17:00:00'),
(875, 164, '4419.00', 'Pendapatan sewa mobil', NULL, 'aktif', 'debet', NULL, '2026-06-10 17:00:00', '2026-06-10 17:00:00'),
(876, 165, '4500.00', 'pendapatan rugi laba', NULL, 'aktif', 'kredit', NULL, '2026-06-10 17:00:00', '2026-06-10 17:00:00'),
(877, 166, '4600.00', 'bunga dr bank', NULL, 'aktif', 'debet', NULL, '2026-06-10 17:00:00', '2026-06-10 17:00:00'),
(878, 169, '4999.00', 'koreksi', NULL, 'aktif', 'debet', NULL, '2026-06-10 17:00:00', '2026-06-10 17:00:00'),
(879, 171, '5101.00', 'beban gaji bulanan', NULL, 'aktif', 'debet', NULL, '2026-06-10 17:00:00', '2026-06-10 17:00:00'),
(880, 172, '5102.00', 'beban gaji mingguan', NULL, 'aktif', 'debet', NULL, '2026-06-10 17:00:00', '2026-06-10 17:00:00'),
(881, 173, '5103.00', 'beban gaji vener', NULL, 'aktif', 'debet', NULL, '2026-06-10 17:00:00', '2026-06-10 17:00:00'),
(882, 175, '5201.00', 'bbm/solar', NULL, 'aktif', 'debet', NULL, '2026-06-10 17:00:00', '2026-06-10 17:00:00'),
(883, 179, '5401.00', 'beban perawatan bangunan', NULL, 'aktif', 'debet', NULL, '2026-06-10 17:00:00', '2026-06-10 17:00:00'),
(884, 180, '5402.00', 'Beban Oprasional Produksi', NULL, 'aktif', 'debet', NULL, '2026-06-10 17:00:00', '2026-06-10 17:00:00'),
(885, 181, '5403.00', 'beban sparepart mesin', NULL, 'aktif', 'debet', NULL, '2026-06-10 17:00:00', '2026-06-10 17:00:00'),
(886, 182, '5404.00', 'beban perbaikan', NULL, 'aktif', 'debet', NULL, '2026-06-10 17:00:00', '2026-06-10 17:00:00'),
(887, 183, '5405.00', 'beban sparepart kendaraan', NULL, 'aktif', 'debet', NULL, '2026-06-10 17:00:00', '2026-06-10 17:00:00'),
(888, 184, '5406.00', 'beban perijinan', NULL, 'aktif', 'debet', NULL, '2026-06-10 17:00:00', '2026-06-10 17:00:00'),
(889, 185, '5407.00', 'keamanan', NULL, 'aktif', 'debet', NULL, '2026-06-10 17:00:00', '2026-06-10 17:00:00'),
(890, 186, '5500.00', 'beban mesin', NULL, 'aktif', 'debet', NULL, '2026-06-10 17:00:00', '2026-06-10 17:00:00'),
(891, 188, '5610.00', 'pajak dibayar dimuka', NULL, 'aktif', 'debet', NULL, '2026-06-10 17:00:00', '2026-06-10 17:00:00'),
(892, 189, '5620.00', 'beban produksi kupasan', NULL, 'aktif', 'debet', NULL, '2026-06-10 17:00:00', '2026-06-10 17:00:00'),
(893, 191, '5640.00', 'beban produksi tembel', NULL, 'aktif', 'debet', NULL, '2026-06-10 17:00:00', '2026-06-10 17:00:00'),
(894, 192, '5650.00', 'beban produksi hotpress', NULL, 'aktif', 'debet', NULL, '2026-06-10 17:00:00', '2026-06-10 17:00:00'),
(895, 193, '5660.00', 'beban produksi lain-lain', NULL, 'aktif', 'debet', NULL, '2026-06-10 17:00:00', '2026-06-10 17:00:00'),
(896, 194, '5670.00', 'beban gudang setran ', NULL, 'aktif', 'debet', NULL, '2026-06-10 17:00:00', '2026-06-10 17:00:00'),
(897, 196, '5701.00', 'bunga bank + ll bank', NULL, 'aktif', 'debet', NULL, '2026-06-10 17:00:00', '2026-06-10 17:00:00'),
(898, 197, '5702.00', 'beban kerugian', NULL, 'aktif', 'debet', NULL, '2026-06-10 17:00:00', '2026-06-10 17:00:00'),
(899, 200, '5820.00', 'beban air', NULL, 'aktif', 'debet', NULL, '2026-06-10 17:00:00', '2026-06-10 17:00:00'),
(900, 201, '5830.00', 'beban telepon', NULL, 'aktif', 'debet', NULL, '2026-06-10 17:00:00', '2026-06-10 17:00:00'),
(901, 202, '5840.00', 'beban kantor', NULL, 'aktif', 'debet', NULL, '2026-06-10 17:00:00', '2026-06-10 17:00:00'),
(902, 203, '5850.00', 'beban asuransi', NULL, 'aktif', 'debet', NULL, '2026-06-10 17:00:00', '2026-06-10 17:00:00'),
(903, 207, '6111.00', 'hpp triplek', NULL, 'aktif', 'debet', NULL, '2026-06-10 17:00:00', '2026-06-10 17:00:00'),
(904, 208, '6112.00', 'hpp kayu gelondongan', NULL, 'aktif', 'debet', NULL, '2026-06-10 17:00:00', '2026-06-10 17:00:00');

--
-- Indexes for dumped tables
--

--
-- Indexes for table `anak_akuns`
--
ALTER TABLE `anak_akuns`
  ADD PRIMARY KEY (`id`),
  ADD UNIQUE KEY `anak_akuns_kode_anak_akun_unique` (`kode_anak_akun`),
  ADD KEY `anak_akuns_id_induk_akun_foreign` (`id_induk_akun`),
  ADD KEY `anak_akuns_parent_foreign` (`parent`),
  ADD KEY `anak_akuns_created_by_foreign` (`created_by`);

--
-- Indexes for table `induk_akuns`
--
ALTER TABLE `induk_akuns`
  ADD PRIMARY KEY (`id`),
  ADD UNIQUE KEY `induk_akuns_kode_induk_akun_unique` (`kode_induk_akun`),
  ADD KEY `induk_akuns_created_by_foreign` (`created_by`);

--
-- Indexes for table `sub_anak_akuns`
--
ALTER TABLE `sub_anak_akuns`
  ADD PRIMARY KEY (`id`),
  ADD UNIQUE KEY `sub_anak_akuns_kode_sub_anak_akun_unique` (`kode_sub_anak_akun`),
  ADD KEY `sub_anak_akuns_id_anak_akun_foreign` (`id_anak_akun`),
  ADD KEY `sub_anak_akuns_created_by_foreign` (`created_by`);

--
-- AUTO_INCREMENT for dumped tables
--

--
-- AUTO_INCREMENT for table `anak_akuns`
--
ALTER TABLE `anak_akuns`
  MODIFY `id` bigint UNSIGNED NOT NULL AUTO_INCREMENT, AUTO_INCREMENT=224;

--
-- AUTO_INCREMENT for table `induk_akuns`
--
ALTER TABLE `induk_akuns`
  MODIFY `id` bigint UNSIGNED NOT NULL AUTO_INCREMENT, AUTO_INCREMENT=7;

--
-- AUTO_INCREMENT for table `sub_anak_akuns`
--
ALTER TABLE `sub_anak_akuns`
  MODIFY `id` bigint UNSIGNED NOT NULL AUTO_INCREMENT, AUTO_INCREMENT=905;

--
-- Constraints for dumped tables
--

--
-- Constraints for table `anak_akuns`
--
ALTER TABLE `anak_akuns`
  ADD CONSTRAINT `anak_akuns_created_by_foreign` FOREIGN KEY (`created_by`) REFERENCES `users` (`id`) ON DELETE SET NULL,
  ADD CONSTRAINT `anak_akuns_id_induk_akun_foreign` FOREIGN KEY (`id_induk_akun`) REFERENCES `induk_akuns` (`id`) ON DELETE CASCADE,
  ADD CONSTRAINT `anak_akuns_parent_foreign` FOREIGN KEY (`parent`) REFERENCES `anak_akuns` (`id`) ON DELETE SET NULL;

--
-- Constraints for table `induk_akuns`
--
ALTER TABLE `induk_akuns`
  ADD CONSTRAINT `induk_akuns_created_by_foreign` FOREIGN KEY (`created_by`) REFERENCES `users` (`id`) ON DELETE SET NULL;

--
-- Constraints for table `sub_anak_akuns`
--
ALTER TABLE `sub_anak_akuns`
  ADD CONSTRAINT `sub_anak_akuns_created_by_foreign` FOREIGN KEY (`created_by`) REFERENCES `users` (`id`) ON DELETE SET NULL,
  ADD CONSTRAINT `sub_anak_akuns_id_anak_akun_foreign` FOREIGN KEY (`id_anak_akun`) REFERENCES `anak_akuns` (`id`) ON DELETE CASCADE;
COMMIT;

/*!40101 SET CHARACTER_SET_CLIENT=@OLD_CHARACTER_SET_CLIENT */;
/*!40101 SET CHARACTER_SET_RESULTS=@OLD_CHARACTER_SET_RESULTS */;
/*!40101 SET COLLATION_CONNECTION=@OLD_COLLATION_CONNECTION */;
